--------------------------------------------------------
--  파일이 생성됨 - 일요일-11월-18-2018   
--------------------------------------------------------
--------------------------------------------------------
--  DDL for Sequence OBHOTEL_ADMIN_SEQ
--------------------------------------------------------

   CREATE SEQUENCE  "OB"."OBHOTEL_ADMIN_SEQ"  MINVALUE 1 MAXVALUE 9999999999999999999999999999 INCREMENT BY 1 START WITH 2 CACHE 20 NOORDER  NOCYCLE ;
--------------------------------------------------------
--  DDL for Sequence OBHOTEL_BOARD_FILE_SEQ
--------------------------------------------------------

   CREATE SEQUENCE  "OB"."OBHOTEL_BOARD_FILE_SEQ"  MINVALUE 1 MAXVALUE 9999999999999999999999999999 INCREMENT BY 1 START WITH 61 CACHE 20 NOORDER  NOCYCLE ;
--------------------------------------------------------
--  DDL for Sequence OBHOTEL_BOARD_REPLY_SEQ
--------------------------------------------------------

   CREATE SEQUENCE  "OB"."OBHOTEL_BOARD_REPLY_SEQ"  MINVALUE 1 MAXVALUE 9999999999999999999999999999 INCREMENT BY 1 START WITH 161 CACHE 20 NOORDER  NOCYCLE ;
--------------------------------------------------------
--  DDL for Sequence OBHOTEL_BOARD_SEQ
--------------------------------------------------------

   CREATE SEQUENCE  "OB"."OBHOTEL_BOARD_SEQ"  MINVALUE 1 MAXVALUE 9999999999999999999999999999 INCREMENT BY 1 START WITH 401 CACHE 20 NOORDER  NOCYCLE ;
--------------------------------------------------------
--  DDL for Sequence OBHOTEL_RESERVATION_SEQ
--------------------------------------------------------

   CREATE SEQUENCE  "OB"."OBHOTEL_RESERVATION_SEQ"  MINVALUE 1 MAXVALUE 9999999999999999999999999999 INCREMENT BY 1 START WITH 101 CACHE 20 NOORDER  NOCYCLE ;
--------------------------------------------------------
--  DDL for Sequence OBHOTEL_ROOM_EVAL_SEQ
--------------------------------------------------------

   CREATE SEQUENCE  "OB"."OBHOTEL_ROOM_EVAL_SEQ"  MINVALUE 1 MAXVALUE 9999999999999999999999999999 INCREMENT BY 1 START WITH 1 CACHE 20 NOORDER  NOCYCLE ;
--------------------------------------------------------
--  DDL for Sequence OBHOTEL_ROOM_FILE_SEQ
--------------------------------------------------------

   CREATE SEQUENCE  "OB"."OBHOTEL_ROOM_FILE_SEQ"  MINVALUE 1 MAXVALUE 9999999999999999999999999999 INCREMENT BY 1 START WITH 21 CACHE 20 NOORDER  NOCYCLE ;
--------------------------------------------------------
--  DDL for Sequence OBHOTEL_ROOM_SEQ
--------------------------------------------------------

   CREATE SEQUENCE  "OB"."OBHOTEL_ROOM_SEQ"  MINVALUE 1 MAXVALUE 9999999999999999999999999999 INCREMENT BY 1 START WITH 41 CACHE 20 NOORDER  NOCYCLE ;
--------------------------------------------------------
--  DDL for Sequence OBHOTEL_ROOM_TYPE_SEQ
--------------------------------------------------------

   CREATE SEQUENCE  "OB"."OBHOTEL_ROOM_TYPE_SEQ"  MINVALUE 1 MAXVALUE 9999999999999999999999999999 INCREMENT BY 1 START WITH 21 CACHE 20 NOORDER  NOCYCLE ;
--------------------------------------------------------
--  DDL for Sequence OBHOTEL_USER_SEQ
--------------------------------------------------------

   CREATE SEQUENCE  "OB"."OBHOTEL_USER_SEQ"  MINVALUE 1 MAXVALUE 9999999999999999999999999999 INCREMENT BY 1 START WITH 222 CACHE 20 NOORDER  NOCYCLE ;
--------------------------------------------------------
--  DDL for Table OBHOTEL_ADMIN
--------------------------------------------------------

  CREATE TABLE "OB"."OBHOTEL_ADMIN" 
   (	"ID" NUMBER, 
	"USER_ID" NUMBER, 
	"LV" NUMBER
   ) SEGMENT CREATION IMMEDIATE 
  PCTFREE 10 PCTUSED 40 INITRANS 1 MAXTRANS 255 NOCOMPRESS LOGGING
  STORAGE(INITIAL 65536 NEXT 1048576 MINEXTENTS 1 MAXEXTENTS 2147483645
  PCTINCREASE 0 FREELISTS 1 FREELIST GROUPS 1 BUFFER_POOL DEFAULT FLASH_CACHE DEFAULT CELL_FLASH_CACHE DEFAULT)
  TABLESPACE "USERS" ;
--------------------------------------------------------
--  DDL for Table OBHOTEL_BOARD
--------------------------------------------------------

  CREATE TABLE "OB"."OBHOTEL_BOARD" 
   (	"ID" NUMBER, 
	"USER_ID" NUMBER, 
	"BOARD_TYPE" NUMBER, 
	"TITLE" VARCHAR2(40 BYTE), 
	"CONTENT" VARCHAR2(400 BYTE), 
	"WRITE_DATE" DATE, 
	"READ_COUNT" NUMBER
   ) SEGMENT CREATION IMMEDIATE 
  PCTFREE 10 PCTUSED 40 INITRANS 1 MAXTRANS 255 NOCOMPRESS LOGGING
  STORAGE(INITIAL 65536 NEXT 1048576 MINEXTENTS 1 MAXEXTENTS 2147483645
  PCTINCREASE 0 FREELISTS 1 FREELIST GROUPS 1 BUFFER_POOL DEFAULT FLASH_CACHE DEFAULT CELL_FLASH_CACHE DEFAULT)
  TABLESPACE "USERS" ;
--------------------------------------------------------
--  DDL for Table OBHOTEL_BOARD_FILE
--------------------------------------------------------

  CREATE TABLE "OB"."OBHOTEL_BOARD_FILE" 
   (	"ID" NUMBER, 
	"BOARD_ID" NUMBER, 
	"FILENAME" VARCHAR2(256 BYTE), 
	"SAVED_FILENAME" VARCHAR2(256 BYTE), 
	"FILESIZE" NUMBER
   ) SEGMENT CREATION IMMEDIATE 
  PCTFREE 10 PCTUSED 40 INITRANS 1 MAXTRANS 255 NOCOMPRESS LOGGING
  STORAGE(INITIAL 65536 NEXT 1048576 MINEXTENTS 1 MAXEXTENTS 2147483645
  PCTINCREASE 0 FREELISTS 1 FREELIST GROUPS 1 BUFFER_POOL DEFAULT FLASH_CACHE DEFAULT CELL_FLASH_CACHE DEFAULT)
  TABLESPACE "USERS" ;
--------------------------------------------------------
--  DDL for Table OBHOTEL_BOARD_REPLY
--------------------------------------------------------

  CREATE TABLE "OB"."OBHOTEL_BOARD_REPLY" 
   (	"ID" NUMBER, 
	"BOARD_ID" NUMBER, 
	"USER_ID" NUMBER, 
	"CONTENT" VARCHAR2(400 BYTE), 
	"WRITE_DATE" DATE, 
	"WRITER" VARCHAR2(200 BYTE)
   ) SEGMENT CREATION IMMEDIATE 
  PCTFREE 10 PCTUSED 40 INITRANS 1 MAXTRANS 255 NOCOMPRESS LOGGING
  STORAGE(INITIAL 65536 NEXT 1048576 MINEXTENTS 1 MAXEXTENTS 2147483645
  PCTINCREASE 0 FREELISTS 1 FREELIST GROUPS 1 BUFFER_POOL DEFAULT FLASH_CACHE DEFAULT CELL_FLASH_CACHE DEFAULT)
  TABLESPACE "USERS" ;
--------------------------------------------------------
--  DDL for Table OBHOTEL_RESERVATION
--------------------------------------------------------

  CREATE TABLE "OB"."OBHOTEL_RESERVATION" 
   (	"ID" NUMBER, 
	"USER_ID" NUMBER, 
	"ROOM_ID" NUMBER, 
	"S_DATE" DATE, 
	"E_DATE" DATE, 
	"R_DATE" DATE, 
	"PAX" NUMBER, 
	"REVIEW_ID" NUMBER(*,0) DEFAULT 0, 
	"TOTAL_COST" NUMBER DEFAULT 0
   ) SEGMENT CREATION IMMEDIATE 
  PCTFREE 10 PCTUSED 40 INITRANS 1 MAXTRANS 255 NOCOMPRESS LOGGING
  STORAGE(INITIAL 65536 NEXT 1048576 MINEXTENTS 1 MAXEXTENTS 2147483645
  PCTINCREASE 0 FREELISTS 1 FREELIST GROUPS 1 BUFFER_POOL DEFAULT FLASH_CACHE DEFAULT CELL_FLASH_CACHE DEFAULT)
  TABLESPACE "USERS" ;
--------------------------------------------------------
--  DDL for Table OBHOTEL_ROOM
--------------------------------------------------------

  CREATE TABLE "OB"."OBHOTEL_ROOM" 
   (	"ID" NUMBER, 
	"ROOM_TYPE_ID" NUMBER, 
	"ROOM_NAME" VARCHAR2(200 BYTE), 
	"ROOM_NUM" VARCHAR2(200 BYTE), 
	"ROOM_CONTENT" VARCHAR2(200 BYTE), 
	"ROOM_ADDRESS1" VARCHAR2(200 BYTE), 
	"ROOM_ADDRESS2" VARCHAR2(200 BYTE), 
	"ROOM_THEME" VARCHAR2(200 BYTE)
   ) SEGMENT CREATION IMMEDIATE 
  PCTFREE 10 PCTUSED 40 INITRANS 1 MAXTRANS 255 NOCOMPRESS LOGGING
  STORAGE(INITIAL 65536 NEXT 1048576 MINEXTENTS 1 MAXEXTENTS 2147483645
  PCTINCREASE 0 FREELISTS 1 FREELIST GROUPS 1 BUFFER_POOL DEFAULT FLASH_CACHE DEFAULT CELL_FLASH_CACHE DEFAULT)
  TABLESPACE "USERS" ;
--------------------------------------------------------
--  DDL for Table OBHOTEL_ROOM_EVAL
--------------------------------------------------------

  CREATE TABLE "OB"."OBHOTEL_ROOM_EVAL" 
   (	"ID" NUMBER, 
	"USER_ID" NUMBER, 
	"RATE" NUMBER, 
	"CONTENT" VARCHAR2(80 BYTE), 
	"WRITE_DATE" DATE
   ) SEGMENT CREATION IMMEDIATE 
  PCTFREE 10 PCTUSED 40 INITRANS 1 MAXTRANS 255 NOCOMPRESS LOGGING
  STORAGE(INITIAL 65536 NEXT 1048576 MINEXTENTS 1 MAXEXTENTS 2147483645
  PCTINCREASE 0 FREELISTS 1 FREELIST GROUPS 1 BUFFER_POOL DEFAULT FLASH_CACHE DEFAULT CELL_FLASH_CACHE DEFAULT)
  TABLESPACE "USERS" ;
--------------------------------------------------------
--  DDL for Table OBHOTEL_ROOM_FILE
--------------------------------------------------------

  CREATE TABLE "OB"."OBHOTEL_ROOM_FILE" 
   (	"ID" NUMBER, 
	"ROOM_TYPE_ID" NUMBER, 
	"FILENAME" VARCHAR2(70 BYTE)
   ) SEGMENT CREATION IMMEDIATE 
  PCTFREE 10 PCTUSED 40 INITRANS 1 MAXTRANS 255 NOCOMPRESS LOGGING
  STORAGE(INITIAL 65536 NEXT 1048576 MINEXTENTS 1 MAXEXTENTS 2147483645
  PCTINCREASE 0 FREELISTS 1 FREELIST GROUPS 1 BUFFER_POOL DEFAULT FLASH_CACHE DEFAULT CELL_FLASH_CACHE DEFAULT)
  TABLESPACE "USERS" ;
--------------------------------------------------------
--  DDL for Table OBHOTEL_ROOM_TYPE
--------------------------------------------------------

  CREATE TABLE "OB"."OBHOTEL_ROOM_TYPE" 
   (	"ID" NUMBER, 
	"ROOM_TYPE" VARCHAR2(30 BYTE), 
	"MAX_PAX" NUMBER, 
	"COST" NUMBER
   ) SEGMENT CREATION IMMEDIATE 
  PCTFREE 10 PCTUSED 40 INITRANS 1 MAXTRANS 255 NOCOMPRESS LOGGING
  STORAGE(INITIAL 65536 NEXT 1048576 MINEXTENTS 1 MAXEXTENTS 2147483645
  PCTINCREASE 0 FREELISTS 1 FREELIST GROUPS 1 BUFFER_POOL DEFAULT FLASH_CACHE DEFAULT CELL_FLASH_CACHE DEFAULT)
  TABLESPACE "USERS" ;
--------------------------------------------------------
--  DDL for Table OBHOTEL_USER
--------------------------------------------------------

  CREATE TABLE "OB"."OBHOTEL_USER" 
   (	"ID" NUMBER, 
	"ACCOUNT" VARCHAR2(20 BYTE), 
	"PASSWORD" VARCHAR2(20 BYTE), 
	"NICKNAME" VARCHAR2(20 BYTE), 
	"BIRTHDAY" DATE, 
	"ZIPCODE" VARCHAR2(6 BYTE), 
	"ADDRESS1" VARCHAR2(200 BYTE), 
	"ADDRESS2" VARCHAR2(200 BYTE), 
	"EMAIL" VARCHAR2(80 BYTE), 
	"E_CONFIRM" NUMBER(1,0), 
	"TEL" VARCHAR2(11 BYTE)
   ) SEGMENT CREATION IMMEDIATE 
  PCTFREE 10 PCTUSED 40 INITRANS 1 MAXTRANS 255 NOCOMPRESS LOGGING
  STORAGE(INITIAL 65536 NEXT 1048576 MINEXTENTS 1 MAXEXTENTS 2147483645
  PCTINCREASE 0 FREELISTS 1 FREELIST GROUPS 1 BUFFER_POOL DEFAULT FLASH_CACHE DEFAULT CELL_FLASH_CACHE DEFAULT)
  TABLESPACE "USERS" ;
REM INSERTING into OB.OBHOTEL_ADMIN
SET DEFINE OFF;
Insert into OB.OBHOTEL_ADMIN (ID,USER_ID,LV) values (1,1,1);
REM INSERTING into OB.OBHOTEL_BOARD
SET DEFINE OFF;
Insert into OB.OBHOTEL_BOARD (ID,USER_ID,BOARD_TYPE,TITLE,CONTENT,WRITE_DATE,READ_COUNT) values (118,1,3,'방명록제목108','방명록내용108',to_date('18/11/06','RR/MM/DD'),0);
Insert into OB.OBHOTEL_BOARD (ID,USER_ID,BOARD_TYPE,TITLE,CONTENT,WRITE_DATE,READ_COUNT) values (119,1,3,'방명록제목109','방명록내용109',to_date('18/11/06','RR/MM/DD'),0);
Insert into OB.OBHOTEL_BOARD (ID,USER_ID,BOARD_TYPE,TITLE,CONTENT,WRITE_DATE,READ_COUNT) values (120,1,3,'방명록제목110','방명록내용110',to_date('18/11/06','RR/MM/DD'),0);
Insert into OB.OBHOTEL_BOARD (ID,USER_ID,BOARD_TYPE,TITLE,CONTENT,WRITE_DATE,READ_COUNT) values (121,1,3,'방명록제목111','방명록내용111',to_date('18/11/06','RR/MM/DD'),0);
Insert into OB.OBHOTEL_BOARD (ID,USER_ID,BOARD_TYPE,TITLE,CONTENT,WRITE_DATE,READ_COUNT) values (122,1,3,'방명록제목112','방명록내용112',to_date('18/11/06','RR/MM/DD'),0);
Insert into OB.OBHOTEL_BOARD (ID,USER_ID,BOARD_TYPE,TITLE,CONTENT,WRITE_DATE,READ_COUNT) values (123,1,3,'방명록제목113','방명록내용113',to_date('18/11/06','RR/MM/DD'),0);
Insert into OB.OBHOTEL_BOARD (ID,USER_ID,BOARD_TYPE,TITLE,CONTENT,WRITE_DATE,READ_COUNT) values (124,1,3,'방명록제목114','방명록내용114',to_date('18/11/06','RR/MM/DD'),0);
Insert into OB.OBHOTEL_BOARD (ID,USER_ID,BOARD_TYPE,TITLE,CONTENT,WRITE_DATE,READ_COUNT) values (125,1,3,'방명록제목115','방명록내용115',to_date('18/11/06','RR/MM/DD'),0);
Insert into OB.OBHOTEL_BOARD (ID,USER_ID,BOARD_TYPE,TITLE,CONTENT,WRITE_DATE,READ_COUNT) values (126,1,3,'방명록제목116','방명록내용116',to_date('18/11/06','RR/MM/DD'),0);
Insert into OB.OBHOTEL_BOARD (ID,USER_ID,BOARD_TYPE,TITLE,CONTENT,WRITE_DATE,READ_COUNT) values (127,1,3,'방명록제목117','방명록내용117',to_date('18/11/06','RR/MM/DD'),0);
Insert into OB.OBHOTEL_BOARD (ID,USER_ID,BOARD_TYPE,TITLE,CONTENT,WRITE_DATE,READ_COUNT) values (128,1,3,'방명록제목118','방명록내용118',to_date('18/11/06','RR/MM/DD'),0);
Insert into OB.OBHOTEL_BOARD (ID,USER_ID,BOARD_TYPE,TITLE,CONTENT,WRITE_DATE,READ_COUNT) values (129,1,3,'방명록제목119','방명록내용119',to_date('18/11/06','RR/MM/DD'),0);
Insert into OB.OBHOTEL_BOARD (ID,USER_ID,BOARD_TYPE,TITLE,CONTENT,WRITE_DATE,READ_COUNT) values (130,1,3,'방명록제목120','방명록내용120',to_date('18/11/06','RR/MM/DD'),0);
Insert into OB.OBHOTEL_BOARD (ID,USER_ID,BOARD_TYPE,TITLE,CONTENT,WRITE_DATE,READ_COUNT) values (131,1,3,'방명록제목121','방명록내용121',to_date('18/11/06','RR/MM/DD'),0);
Insert into OB.OBHOTEL_BOARD (ID,USER_ID,BOARD_TYPE,TITLE,CONTENT,WRITE_DATE,READ_COUNT) values (132,1,3,'방명록제목122','방명록내용122',to_date('18/11/06','RR/MM/DD'),2);
Insert into OB.OBHOTEL_BOARD (ID,USER_ID,BOARD_TYPE,TITLE,CONTENT,WRITE_DATE,READ_COUNT) values (133,1,3,'방명록제목123','방명록내용123',to_date('18/11/06','RR/MM/DD'),0);
Insert into OB.OBHOTEL_BOARD (ID,USER_ID,BOARD_TYPE,TITLE,CONTENT,WRITE_DATE,READ_COUNT) values (134,1,3,'방명록제목124','방명록내용124',to_date('18/11/06','RR/MM/DD'),0);
Insert into OB.OBHOTEL_BOARD (ID,USER_ID,BOARD_TYPE,TITLE,CONTENT,WRITE_DATE,READ_COUNT) values (135,1,3,'방명록제목125','방명록내용125',to_date('18/11/06','RR/MM/DD'),0);
Insert into OB.OBHOTEL_BOARD (ID,USER_ID,BOARD_TYPE,TITLE,CONTENT,WRITE_DATE,READ_COUNT) values (136,1,3,'방명록제목126','방명록내용126',to_date('18/11/06','RR/MM/DD'),0);
Insert into OB.OBHOTEL_BOARD (ID,USER_ID,BOARD_TYPE,TITLE,CONTENT,WRITE_DATE,READ_COUNT) values (137,1,3,'방명록제목127','방명록내용127',to_date('18/11/06','RR/MM/DD'),0);
Insert into OB.OBHOTEL_BOARD (ID,USER_ID,BOARD_TYPE,TITLE,CONTENT,WRITE_DATE,READ_COUNT) values (138,1,3,'방명록제목128','방명록내용128',to_date('18/11/06','RR/MM/DD'),0);
Insert into OB.OBHOTEL_BOARD (ID,USER_ID,BOARD_TYPE,TITLE,CONTENT,WRITE_DATE,READ_COUNT) values (139,1,3,'방명록제목129','방명록내용129',to_date('18/11/06','RR/MM/DD'),0);
Insert into OB.OBHOTEL_BOARD (ID,USER_ID,BOARD_TYPE,TITLE,CONTENT,WRITE_DATE,READ_COUNT) values (140,1,3,'방명록제목130','방명록내용130',to_date('18/11/06','RR/MM/DD'),0);
Insert into OB.OBHOTEL_BOARD (ID,USER_ID,BOARD_TYPE,TITLE,CONTENT,WRITE_DATE,READ_COUNT) values (141,1,3,'방명록제목131','방명록내용131',to_date('18/11/06','RR/MM/DD'),0);
Insert into OB.OBHOTEL_BOARD (ID,USER_ID,BOARD_TYPE,TITLE,CONTENT,WRITE_DATE,READ_COUNT) values (142,1,3,'방명록제목132','방명록내용132',to_date('18/11/06','RR/MM/DD'),0);
Insert into OB.OBHOTEL_BOARD (ID,USER_ID,BOARD_TYPE,TITLE,CONTENT,WRITE_DATE,READ_COUNT) values (143,1,3,'방명록제목133','방명록내용133',to_date('18/11/06','RR/MM/DD'),0);
Insert into OB.OBHOTEL_BOARD (ID,USER_ID,BOARD_TYPE,TITLE,CONTENT,WRITE_DATE,READ_COUNT) values (144,1,3,'방명록제목134','방명록내용134',to_date('18/11/06','RR/MM/DD'),0);
Insert into OB.OBHOTEL_BOARD (ID,USER_ID,BOARD_TYPE,TITLE,CONTENT,WRITE_DATE,READ_COUNT) values (145,1,3,'방명록제목135','방명록내용135',to_date('18/11/06','RR/MM/DD'),0);
Insert into OB.OBHOTEL_BOARD (ID,USER_ID,BOARD_TYPE,TITLE,CONTENT,WRITE_DATE,READ_COUNT) values (146,1,3,'방명록제목136','방명록내용136',to_date('18/11/06','RR/MM/DD'),0);
Insert into OB.OBHOTEL_BOARD (ID,USER_ID,BOARD_TYPE,TITLE,CONTENT,WRITE_DATE,READ_COUNT) values (147,1,3,'방명록제목137','방명록내용137',to_date('18/11/06','RR/MM/DD'),0);
Insert into OB.OBHOTEL_BOARD (ID,USER_ID,BOARD_TYPE,TITLE,CONTENT,WRITE_DATE,READ_COUNT) values (148,1,3,'방명록제목138','방명록내용138',to_date('18/11/06','RR/MM/DD'),0);
Insert into OB.OBHOTEL_BOARD (ID,USER_ID,BOARD_TYPE,TITLE,CONTENT,WRITE_DATE,READ_COUNT) values (149,1,3,'방명록제목139','방명록내용139',to_date('18/11/06','RR/MM/DD'),0);
Insert into OB.OBHOTEL_BOARD (ID,USER_ID,BOARD_TYPE,TITLE,CONTENT,WRITE_DATE,READ_COUNT) values (150,1,3,'방명록제목140','방명록내용140',to_date('18/11/06','RR/MM/DD'),0);
Insert into OB.OBHOTEL_BOARD (ID,USER_ID,BOARD_TYPE,TITLE,CONTENT,WRITE_DATE,READ_COUNT) values (151,1,3,'방명록제목141','방명록내용141',to_date('18/11/06','RR/MM/DD'),0);
Insert into OB.OBHOTEL_BOARD (ID,USER_ID,BOARD_TYPE,TITLE,CONTENT,WRITE_DATE,READ_COUNT) values (152,1,3,'방명록제목142','방명록내용142',to_date('18/11/06','RR/MM/DD'),0);
Insert into OB.OBHOTEL_BOARD (ID,USER_ID,BOARD_TYPE,TITLE,CONTENT,WRITE_DATE,READ_COUNT) values (153,1,3,'방명록제목143','방명록내용143',to_date('18/11/06','RR/MM/DD'),0);
Insert into OB.OBHOTEL_BOARD (ID,USER_ID,BOARD_TYPE,TITLE,CONTENT,WRITE_DATE,READ_COUNT) values (154,1,3,'방명록제목144','방명록내용144',to_date('18/11/06','RR/MM/DD'),0);
Insert into OB.OBHOTEL_BOARD (ID,USER_ID,BOARD_TYPE,TITLE,CONTENT,WRITE_DATE,READ_COUNT) values (155,1,3,'방명록제목145','방명록내용145',to_date('18/11/06','RR/MM/DD'),0);
Insert into OB.OBHOTEL_BOARD (ID,USER_ID,BOARD_TYPE,TITLE,CONTENT,WRITE_DATE,READ_COUNT) values (156,1,3,'방명록제목146','방명록내용146',to_date('18/11/06','RR/MM/DD'),0);
Insert into OB.OBHOTEL_BOARD (ID,USER_ID,BOARD_TYPE,TITLE,CONTENT,WRITE_DATE,READ_COUNT) values (157,1,3,'방명록제목147','방명록내용147',to_date('18/11/06','RR/MM/DD'),0);
Insert into OB.OBHOTEL_BOARD (ID,USER_ID,BOARD_TYPE,TITLE,CONTENT,WRITE_DATE,READ_COUNT) values (158,1,3,'방명록제목148','방명록내용148',to_date('18/11/06','RR/MM/DD'),0);
Insert into OB.OBHOTEL_BOARD (ID,USER_ID,BOARD_TYPE,TITLE,CONTENT,WRITE_DATE,READ_COUNT) values (159,1,3,'방명록제목149','방명록내용149',to_date('18/11/06','RR/MM/DD'),0);
Insert into OB.OBHOTEL_BOARD (ID,USER_ID,BOARD_TYPE,TITLE,CONTENT,WRITE_DATE,READ_COUNT) values (160,1,3,'방명록제목150','방명록내용150',to_date('18/11/06','RR/MM/DD'),0);
Insert into OB.OBHOTEL_BOARD (ID,USER_ID,BOARD_TYPE,TITLE,CONTENT,WRITE_DATE,READ_COUNT) values (161,1,3,'방명록제목151','방명록내용151',to_date('18/11/06','RR/MM/DD'),0);
Insert into OB.OBHOTEL_BOARD (ID,USER_ID,BOARD_TYPE,TITLE,CONTENT,WRITE_DATE,READ_COUNT) values (162,1,3,'방명록제목152','방명록내용152',to_date('18/11/06','RR/MM/DD'),0);
Insert into OB.OBHOTEL_BOARD (ID,USER_ID,BOARD_TYPE,TITLE,CONTENT,WRITE_DATE,READ_COUNT) values (163,1,3,'방명록제목153','방명록내용153',to_date('18/11/06','RR/MM/DD'),0);
Insert into OB.OBHOTEL_BOARD (ID,USER_ID,BOARD_TYPE,TITLE,CONTENT,WRITE_DATE,READ_COUNT) values (164,1,3,'방명록제목154','방명록내용154',to_date('18/11/06','RR/MM/DD'),0);
Insert into OB.OBHOTEL_BOARD (ID,USER_ID,BOARD_TYPE,TITLE,CONTENT,WRITE_DATE,READ_COUNT) values (165,1,3,'방명록제목155','방명록내용155',to_date('18/11/06','RR/MM/DD'),0);
Insert into OB.OBHOTEL_BOARD (ID,USER_ID,BOARD_TYPE,TITLE,CONTENT,WRITE_DATE,READ_COUNT) values (166,1,3,'방명록제목156','방명록내용156',to_date('18/11/06','RR/MM/DD'),0);
Insert into OB.OBHOTEL_BOARD (ID,USER_ID,BOARD_TYPE,TITLE,CONTENT,WRITE_DATE,READ_COUNT) values (167,1,3,'방명록제목157','방명록내용157',to_date('18/11/06','RR/MM/DD'),0);
Insert into OB.OBHOTEL_BOARD (ID,USER_ID,BOARD_TYPE,TITLE,CONTENT,WRITE_DATE,READ_COUNT) values (168,1,3,'방명록제목158','방명록내용158',to_date('18/11/06','RR/MM/DD'),0);
Insert into OB.OBHOTEL_BOARD (ID,USER_ID,BOARD_TYPE,TITLE,CONTENT,WRITE_DATE,READ_COUNT) values (169,1,3,'방명록제목159','방명록내용159',to_date('18/11/06','RR/MM/DD'),0);
Insert into OB.OBHOTEL_BOARD (ID,USER_ID,BOARD_TYPE,TITLE,CONTENT,WRITE_DATE,READ_COUNT) values (170,1,3,'방명록제목160','방명록내용160',to_date('18/11/06','RR/MM/DD'),0);
Insert into OB.OBHOTEL_BOARD (ID,USER_ID,BOARD_TYPE,TITLE,CONTENT,WRITE_DATE,READ_COUNT) values (171,1,3,'방명록제목161','방명록내용161',to_date('18/11/06','RR/MM/DD'),0);
Insert into OB.OBHOTEL_BOARD (ID,USER_ID,BOARD_TYPE,TITLE,CONTENT,WRITE_DATE,READ_COUNT) values (172,1,3,'방명록제목162','방명록내용162',to_date('18/11/06','RR/MM/DD'),0);
Insert into OB.OBHOTEL_BOARD (ID,USER_ID,BOARD_TYPE,TITLE,CONTENT,WRITE_DATE,READ_COUNT) values (173,1,3,'방명록제목163','방명록내용163',to_date('18/11/06','RR/MM/DD'),0);
Insert into OB.OBHOTEL_BOARD (ID,USER_ID,BOARD_TYPE,TITLE,CONTENT,WRITE_DATE,READ_COUNT) values (174,1,3,'방명록제목164','방명록내용164',to_date('18/11/06','RR/MM/DD'),0);
Insert into OB.OBHOTEL_BOARD (ID,USER_ID,BOARD_TYPE,TITLE,CONTENT,WRITE_DATE,READ_COUNT) values (175,1,3,'방명록제목165','방명록내용165',to_date('18/11/06','RR/MM/DD'),0);
Insert into OB.OBHOTEL_BOARD (ID,USER_ID,BOARD_TYPE,TITLE,CONTENT,WRITE_DATE,READ_COUNT) values (176,1,3,'방명록제목166','방명록내용166',to_date('18/11/06','RR/MM/DD'),0);
Insert into OB.OBHOTEL_BOARD (ID,USER_ID,BOARD_TYPE,TITLE,CONTENT,WRITE_DATE,READ_COUNT) values (177,1,3,'방명록제목167','방명록내용167',to_date('18/11/06','RR/MM/DD'),0);
Insert into OB.OBHOTEL_BOARD (ID,USER_ID,BOARD_TYPE,TITLE,CONTENT,WRITE_DATE,READ_COUNT) values (178,1,3,'방명록제목168','방명록내용168',to_date('18/11/06','RR/MM/DD'),0);
Insert into OB.OBHOTEL_BOARD (ID,USER_ID,BOARD_TYPE,TITLE,CONTENT,WRITE_DATE,READ_COUNT) values (179,1,3,'방명록제목169','방명록내용169',to_date('18/11/06','RR/MM/DD'),0);
Insert into OB.OBHOTEL_BOARD (ID,USER_ID,BOARD_TYPE,TITLE,CONTENT,WRITE_DATE,READ_COUNT) values (180,1,3,'방명록제목170','방명록내용170',to_date('18/11/06','RR/MM/DD'),0);
Insert into OB.OBHOTEL_BOARD (ID,USER_ID,BOARD_TYPE,TITLE,CONTENT,WRITE_DATE,READ_COUNT) values (181,1,3,'방명록제목171','방명록내용171',to_date('18/11/06','RR/MM/DD'),0);
Insert into OB.OBHOTEL_BOARD (ID,USER_ID,BOARD_TYPE,TITLE,CONTENT,WRITE_DATE,READ_COUNT) values (182,1,3,'방명록제목172','방명록내용172',to_date('18/11/06','RR/MM/DD'),0);
Insert into OB.OBHOTEL_BOARD (ID,USER_ID,BOARD_TYPE,TITLE,CONTENT,WRITE_DATE,READ_COUNT) values (183,1,3,'방명록제목173','방명록내용173',to_date('18/11/06','RR/MM/DD'),0);
Insert into OB.OBHOTEL_BOARD (ID,USER_ID,BOARD_TYPE,TITLE,CONTENT,WRITE_DATE,READ_COUNT) values (184,1,3,'방명록제목174','방명록내용174',to_date('18/11/06','RR/MM/DD'),0);
Insert into OB.OBHOTEL_BOARD (ID,USER_ID,BOARD_TYPE,TITLE,CONTENT,WRITE_DATE,READ_COUNT) values (185,1,3,'방명록제목175','방명록내용175',to_date('18/11/06','RR/MM/DD'),0);
Insert into OB.OBHOTEL_BOARD (ID,USER_ID,BOARD_TYPE,TITLE,CONTENT,WRITE_DATE,READ_COUNT) values (186,1,3,'방명록제목176','방명록내용176',to_date('18/11/06','RR/MM/DD'),0);
Insert into OB.OBHOTEL_BOARD (ID,USER_ID,BOARD_TYPE,TITLE,CONTENT,WRITE_DATE,READ_COUNT) values (187,1,3,'방명록제목177','방명록내용177',to_date('18/11/06','RR/MM/DD'),0);
Insert into OB.OBHOTEL_BOARD (ID,USER_ID,BOARD_TYPE,TITLE,CONTENT,WRITE_DATE,READ_COUNT) values (188,1,3,'방명록제목178','방명록내용178',to_date('18/11/06','RR/MM/DD'),0);
Insert into OB.OBHOTEL_BOARD (ID,USER_ID,BOARD_TYPE,TITLE,CONTENT,WRITE_DATE,READ_COUNT) values (189,1,3,'방명록제목179','방명록내용179',to_date('18/11/06','RR/MM/DD'),0);
Insert into OB.OBHOTEL_BOARD (ID,USER_ID,BOARD_TYPE,TITLE,CONTENT,WRITE_DATE,READ_COUNT) values (190,1,3,'방명록제목180','방명록내용180',to_date('18/11/06','RR/MM/DD'),0);
Insert into OB.OBHOTEL_BOARD (ID,USER_ID,BOARD_TYPE,TITLE,CONTENT,WRITE_DATE,READ_COUNT) values (191,1,3,'방명록제목181','방명록내용181',to_date('18/11/06','RR/MM/DD'),0);
Insert into OB.OBHOTEL_BOARD (ID,USER_ID,BOARD_TYPE,TITLE,CONTENT,WRITE_DATE,READ_COUNT) values (192,1,3,'방명록제목182','방명록내용182',to_date('18/11/06','RR/MM/DD'),0);
Insert into OB.OBHOTEL_BOARD (ID,USER_ID,BOARD_TYPE,TITLE,CONTENT,WRITE_DATE,READ_COUNT) values (193,1,3,'방명록제목183','방명록내용183',to_date('18/11/06','RR/MM/DD'),0);
Insert into OB.OBHOTEL_BOARD (ID,USER_ID,BOARD_TYPE,TITLE,CONTENT,WRITE_DATE,READ_COUNT) values (198,1,1,'집에갑니다','네',to_date('18/11/07','RR/MM/DD'),0);
Insert into OB.OBHOTEL_BOARD (ID,USER_ID,BOARD_TYPE,TITLE,CONTENT,WRITE_DATE,READ_COUNT) values (204,1,1,'배고파','배고팡',to_date('18/11/08','RR/MM/DD'),1);
Insert into OB.OBHOTEL_BOARD (ID,USER_ID,BOARD_TYPE,TITLE,CONTENT,WRITE_DATE,READ_COUNT) values (202,1,1,'확인합니다','확인요',to_date('18/11/08','RR/MM/DD'),0);
Insert into OB.OBHOTEL_BOARD (ID,USER_ID,BOARD_TYPE,TITLE,CONTENT,WRITE_DATE,READ_COUNT) values (203,1,1,'ㅠㅠ','ㅠㅠ',to_date('18/11/08','RR/MM/DD'),1);
Insert into OB.OBHOTEL_BOARD (ID,USER_ID,BOARD_TYPE,TITLE,CONTENT,WRITE_DATE,READ_COUNT) values (212,1,3,'집에가자','네',to_date('18/11/08','RR/MM/DD'),0);
Insert into OB.OBHOTEL_BOARD (ID,USER_ID,BOARD_TYPE,TITLE,CONTENT,WRITE_DATE,READ_COUNT) values (209,1,2,'두꺼비','소주는 빨간것',to_date('18/11/08','RR/MM/DD'),0);
Insert into OB.OBHOTEL_BOARD (ID,USER_ID,BOARD_TYPE,TITLE,CONTENT,WRITE_DATE,READ_COUNT) values (215,1,1,'뭔가 오류가 떴다!! ','하 배고파',to_date('18/11/09','RR/MM/DD'),0);
Insert into OB.OBHOTEL_BOARD (ID,USER_ID,BOARD_TYPE,TITLE,CONTENT,WRITE_DATE,READ_COUNT) values (242,1,2,'이벤트 게시판~','ㅎㅎㅎㅎ',to_date('18/11/11','RR/MM/DD'),0);
Insert into OB.OBHOTEL_BOARD (ID,USER_ID,BOARD_TYPE,TITLE,CONTENT,WRITE_DATE,READ_COUNT) values (216,1,4,'판콜','에이',to_date('18/11/09','RR/MM/DD'),0);
Insert into OB.OBHOTEL_BOARD (ID,USER_ID,BOARD_TYPE,TITLE,CONTENT,WRITE_DATE,READ_COUNT) values (217,1,4,'아파','123123',to_date('18/11/09','RR/MM/DD'),0);
Insert into OB.OBHOTEL_BOARD (ID,USER_ID,BOARD_TYPE,TITLE,CONTENT,WRITE_DATE,READ_COUNT) values (218,1,4,'ㅋㅌㅊㅋㅌㅊㅁㅁ','ㅁㅁ',to_date('18/11/09','RR/MM/DD'),0);
Insert into OB.OBHOTEL_BOARD (ID,USER_ID,BOARD_TYPE,TITLE,CONTENT,WRITE_DATE,READ_COUNT) values (233,2,3,'1','1',to_date('18/11/09','RR/MM/DD'),0);
Insert into OB.OBHOTEL_BOARD (ID,USER_ID,BOARD_TYPE,TITLE,CONTENT,WRITE_DATE,READ_COUNT) values (234,2,3,'김수완사형','사실은 시노노 사형',to_date('18/11/09','RR/MM/DD'),0);
Insert into OB.OBHOTEL_BOARD (ID,USER_ID,BOARD_TYPE,TITLE,CONTENT,WRITE_DATE,READ_COUNT) values (241,1,1,'공지합니다','ㅎㅎㅎ',to_date('18/11/11','RR/MM/DD'),0);
Insert into OB.OBHOTEL_BOARD (ID,USER_ID,BOARD_TYPE,TITLE,CONTENT,WRITE_DATE,READ_COUNT) values (248,1,1,'꽁지머리','꽁지사항',to_date('18/11/12','RR/MM/DD'),0);
Insert into OB.OBHOTEL_BOARD (ID,USER_ID,BOARD_TYPE,TITLE,CONTENT,WRITE_DATE,READ_COUNT) values (282,1,2,'부트스트랩','하는중 ㅠㅠ',to_date('18/11/14','RR/MM/DD'),0);
Insert into OB.OBHOTEL_BOARD (ID,USER_ID,BOARD_TYPE,TITLE,CONTENT,WRITE_DATE,READ_COUNT) values (207,1,1,'비가내리고','음악이흐르면',to_date('18/11/08','RR/MM/DD'),0);
Insert into OB.OBHOTEL_BOARD (ID,USER_ID,BOARD_TYPE,TITLE,CONTENT,WRITE_DATE,READ_COUNT) values (208,1,1,'33','33',to_date('18/11/08','RR/MM/DD'),0);
Insert into OB.OBHOTEL_BOARD (ID,USER_ID,BOARD_TYPE,TITLE,CONTENT,WRITE_DATE,READ_COUNT) values (200,1,1,'오늘 점심메뉴는~?','수저가 짬뽕',to_date('18/11/08','RR/MM/DD'),0);
Insert into OB.OBHOTEL_BOARD (ID,USER_ID,BOARD_TYPE,TITLE,CONTENT,WRITE_DATE,READ_COUNT) values (311,1,1,'vvvvv','vvvvvv',to_date('18/11/15','RR/MM/DD'),0);
Insert into OB.OBHOTEL_BOARD (ID,USER_ID,BOARD_TYPE,TITLE,CONTENT,WRITE_DATE,READ_COUNT) values (244,1,2,'이벤트공지!!','확인해봅시다',to_date('18/11/12','RR/MM/DD'),0);
Insert into OB.OBHOTEL_BOARD (ID,USER_ID,BOARD_TYPE,TITLE,CONTENT,WRITE_DATE,READ_COUNT) values (266,2,3,'123','??????',to_date('18/11/16','RR/MM/DD'),21);
Insert into OB.OBHOTEL_BOARD (ID,USER_ID,BOARD_TYPE,TITLE,CONTENT,WRITE_DATE,READ_COUNT) values (358,147,3,'안녕하세요','넹',to_date('18/11/16','RR/MM/DD'),20);
Insert into OB.OBHOTEL_BOARD (ID,USER_ID,BOARD_TYPE,TITLE,CONTENT,WRITE_DATE,READ_COUNT) values (357,1,3,'ㄴㅇㄴㅇ','ㄴㅇㄴㅇㄴㅇ',to_date('18/11/16','RR/MM/DD'),8);
Insert into OB.OBHOTEL_BOARD (ID,USER_ID,BOARD_TYPE,TITLE,CONTENT,WRITE_DATE,READ_COUNT) values (222,1,4,'gggg','gggg',to_date('18/11/09','RR/MM/DD'),0);
Insert into OB.OBHOTEL_BOARD (ID,USER_ID,BOARD_TYPE,TITLE,CONTENT,WRITE_DATE,READ_COUNT) values (220,1,4,'zxc','zxc',to_date('18/11/09','RR/MM/DD'),0);
Insert into OB.OBHOTEL_BOARD (ID,USER_ID,BOARD_TYPE,TITLE,CONTENT,WRITE_DATE,READ_COUNT) values (221,1,4,'123','zxc',to_date('18/11/09','RR/MM/DD'),0);
Insert into OB.OBHOTEL_BOARD (ID,USER_ID,BOARD_TYPE,TITLE,CONTENT,WRITE_DATE,READ_COUNT) values (223,1,4,'vvv','vv',to_date('18/11/09','RR/MM/DD'),0);
Insert into OB.OBHOTEL_BOARD (ID,USER_ID,BOARD_TYPE,TITLE,CONTENT,WRITE_DATE,READ_COUNT) values (224,1,4,'qqqq','qqq',to_date('18/11/09','RR/MM/DD'),0);
Insert into OB.OBHOTEL_BOARD (ID,USER_ID,BOARD_TYPE,TITLE,CONTENT,WRITE_DATE,READ_COUNT) values (364,2,3,'나는 김수완이다','오늘 회식 ㄱ',to_date('18/11/16','RR/MM/DD'),16);
Insert into OB.OBHOTEL_BOARD (ID,USER_ID,BOARD_TYPE,TITLE,CONTENT,WRITE_DATE,READ_COUNT) values (232,2,3,'1','12',to_date('18/11/09','RR/MM/DD'),0);
Insert into OB.OBHOTEL_BOARD (ID,USER_ID,BOARD_TYPE,TITLE,CONTENT,WRITE_DATE,READ_COUNT) values (237,2,3,'rrr','유후rrrrrrr',to_date('18/11/16','RR/MM/DD'),2);
Insert into OB.OBHOTEL_BOARD (ID,USER_ID,BOARD_TYPE,TITLE,CONTENT,WRITE_DATE,READ_COUNT) values (365,168,3,'댓글달아주세요~','4. 관심 필요',to_date('18/11/16','RR/MM/DD'),47);
Insert into OB.OBHOTEL_BOARD (ID,USER_ID,BOARD_TYPE,TITLE,CONTENT,WRITE_DATE,READ_COUNT) values (304,1,1,'123','123',to_date('18/11/15','RR/MM/DD'),0);
Insert into OB.OBHOTEL_BOARD (ID,USER_ID,BOARD_TYPE,TITLE,CONTENT,WRITE_DATE,READ_COUNT) values (302,1,1,'12','12',to_date('18/11/15','RR/MM/DD'),0);
Insert into OB.OBHOTEL_BOARD (ID,USER_ID,BOARD_TYPE,TITLE,CONTENT,WRITE_DATE,READ_COUNT) values (303,1,1,'123','123',to_date('18/11/15','RR/MM/DD'),0);
Insert into OB.OBHOTEL_BOARD (ID,USER_ID,BOARD_TYPE,TITLE,CONTENT,WRITE_DATE,READ_COUNT) values (305,1,1,'123','123',to_date('18/11/15','RR/MM/DD'),0);
Insert into OB.OBHOTEL_BOARD (ID,USER_ID,BOARD_TYPE,TITLE,CONTENT,WRITE_DATE,READ_COUNT) values (306,1,1,'123','1223',to_date('18/11/15','RR/MM/DD'),0);
Insert into OB.OBHOTEL_BOARD (ID,USER_ID,BOARD_TYPE,TITLE,CONTENT,WRITE_DATE,READ_COUNT) values (307,1,1,'11','11',to_date('18/11/15','RR/MM/DD'),0);
Insert into OB.OBHOTEL_BOARD (ID,USER_ID,BOARD_TYPE,TITLE,CONTENT,WRITE_DATE,READ_COUNT) values (308,1,1,'22','22',to_date('18/11/15','RR/MM/DD'),0);
Insert into OB.OBHOTEL_BOARD (ID,USER_ID,BOARD_TYPE,TITLE,CONTENT,WRITE_DATE,READ_COUNT) values (309,1,1,'33','33',to_date('18/11/15','RR/MM/DD'),0);
Insert into OB.OBHOTEL_BOARD (ID,USER_ID,BOARD_TYPE,TITLE,CONTENT,WRITE_DATE,READ_COUNT) values (314,1,1,'gg','gg',to_date('18/11/15','RR/MM/DD'),0);
Insert into OB.OBHOTEL_BOARD (ID,USER_ID,BOARD_TYPE,TITLE,CONTENT,WRITE_DATE,READ_COUNT) values (312,1,1,'zxc','zxc',to_date('18/11/15','RR/MM/DD'),0);
Insert into OB.OBHOTEL_BOARD (ID,USER_ID,BOARD_TYPE,TITLE,CONTENT,WRITE_DATE,READ_COUNT) values (313,1,1,'8790890','890890',to_date('18/11/15','RR/MM/DD'),0);
Insert into OB.OBHOTEL_BOARD (ID,USER_ID,BOARD_TYPE,TITLE,CONTENT,WRITE_DATE,READ_COUNT) values (315,1,1,'12','12',to_date('18/11/15','RR/MM/DD'),0);
Insert into OB.OBHOTEL_BOARD (ID,USER_ID,BOARD_TYPE,TITLE,CONTENT,WRITE_DATE,READ_COUNT) values (316,1,1,'31','31',to_date('18/11/15','RR/MM/DD'),0);
Insert into OB.OBHOTEL_BOARD (ID,USER_ID,BOARD_TYPE,TITLE,CONTENT,WRITE_DATE,READ_COUNT) values (317,1,1,'222','222',to_date('18/11/15','RR/MM/DD'),0);
Insert into OB.OBHOTEL_BOARD (ID,USER_ID,BOARD_TYPE,TITLE,CONTENT,WRITE_DATE,READ_COUNT) values (321,1,1,'32','22',to_date('18/11/15','RR/MM/DD'),0);
Insert into OB.OBHOTEL_BOARD (ID,USER_ID,BOARD_TYPE,TITLE,CONTENT,WRITE_DATE,READ_COUNT) values (319,1,1,'32','22',to_date('18/11/15','RR/MM/DD'),0);
Insert into OB.OBHOTEL_BOARD (ID,USER_ID,BOARD_TYPE,TITLE,CONTENT,WRITE_DATE,READ_COUNT) values (320,1,1,'32','22',to_date('18/11/15','RR/MM/DD'),0);
Insert into OB.OBHOTEL_BOARD (ID,USER_ID,BOARD_TYPE,TITLE,CONTENT,WRITE_DATE,READ_COUNT) values (322,1,1,'32','22',to_date('18/11/15','RR/MM/DD'),0);
Insert into OB.OBHOTEL_BOARD (ID,USER_ID,BOARD_TYPE,TITLE,CONTENT,WRITE_DATE,READ_COUNT) values (323,1,1,'32','22',to_date('18/11/15','RR/MM/DD'),0);
Insert into OB.OBHOTEL_BOARD (ID,USER_ID,BOARD_TYPE,TITLE,CONTENT,WRITE_DATE,READ_COUNT) values (324,1,1,'32','22',to_date('18/11/15','RR/MM/DD'),0);
Insert into OB.OBHOTEL_BOARD (ID,USER_ID,BOARD_TYPE,TITLE,CONTENT,WRITE_DATE,READ_COUNT) values (325,1,1,'32','22',to_date('18/11/15','RR/MM/DD'),0);
Insert into OB.OBHOTEL_BOARD (ID,USER_ID,BOARD_TYPE,TITLE,CONTENT,WRITE_DATE,READ_COUNT) values (326,1,1,'32','22',to_date('18/11/15','RR/MM/DD'),0);
Insert into OB.OBHOTEL_BOARD (ID,USER_ID,BOARD_TYPE,TITLE,CONTENT,WRITE_DATE,READ_COUNT) values (327,1,1,'32','22',to_date('18/11/15','RR/MM/DD'),0);
Insert into OB.OBHOTEL_BOARD (ID,USER_ID,BOARD_TYPE,TITLE,CONTENT,WRITE_DATE,READ_COUNT) values (328,1,1,'12345678912345678943211','123',to_date('18/11/15','RR/MM/DD'),0);
Insert into OB.OBHOTEL_BOARD (ID,USER_ID,BOARD_TYPE,TITLE,CONTENT,WRITE_DATE,READ_COUNT) values (329,1,1,'12345678912345678943211','123',to_date('18/11/15','RR/MM/DD'),0);
Insert into OB.OBHOTEL_BOARD (ID,USER_ID,BOARD_TYPE,TITLE,CONTENT,WRITE_DATE,READ_COUNT) values (330,1,1,'12345678912345678943211','123',to_date('18/11/15','RR/MM/DD'),0);
Insert into OB.OBHOTEL_BOARD (ID,USER_ID,BOARD_TYPE,TITLE,CONTENT,WRITE_DATE,READ_COUNT) values (331,1,1,'12345678912345678943211','123',to_date('18/11/15','RR/MM/DD'),0);
Insert into OB.OBHOTEL_BOARD (ID,USER_ID,BOARD_TYPE,TITLE,CONTENT,WRITE_DATE,READ_COUNT) values (333,1,1,'12345678912345678943211','123',to_date('18/11/15','RR/MM/DD'),0);
Insert into OB.OBHOTEL_BOARD (ID,USER_ID,BOARD_TYPE,TITLE,CONTENT,WRITE_DATE,READ_COUNT) values (386,1,1,'갑시다','ㅋㅋ',to_date('18/11/16','RR/MM/DD'),0);
Insert into OB.OBHOTEL_BOARD (ID,USER_ID,BOARD_TYPE,TITLE,CONTENT,WRITE_DATE,READ_COUNT) values (225,2,3,'1','1',to_date('18/11/09','RR/MM/DD'),0);
Insert into OB.OBHOTEL_BOARD (ID,USER_ID,BOARD_TYPE,TITLE,CONTENT,WRITE_DATE,READ_COUNT) values (211,1,1,'ㄱㅎ','ㅎㄱㅎㄱㅎ',to_date('18/11/08','RR/MM/DD'),0);
Insert into OB.OBHOTEL_BOARD (ID,USER_ID,BOARD_TYPE,TITLE,CONTENT,WRITE_DATE,READ_COUNT) values (227,3,3,'12','12',to_date('18/11/09','RR/MM/DD'),0);
Insert into OB.OBHOTEL_BOARD (ID,USER_ID,BOARD_TYPE,TITLE,CONTENT,WRITE_DATE,READ_COUNT) values (226,2,3,'1','1',to_date('18/11/09','RR/MM/DD'),0);
Insert into OB.OBHOTEL_BOARD (ID,USER_ID,BOARD_TYPE,TITLE,CONTENT,WRITE_DATE,READ_COUNT) values (228,2,3,'12','12',to_date('18/11/09','RR/MM/DD'),1);
Insert into OB.OBHOTEL_BOARD (ID,USER_ID,BOARD_TYPE,TITLE,CONTENT,WRITE_DATE,READ_COUNT) values (229,2,3,'12','12',to_date('18/11/09','RR/MM/DD'),2);
Insert into OB.OBHOTEL_BOARD (ID,USER_ID,BOARD_TYPE,TITLE,CONTENT,WRITE_DATE,READ_COUNT) values (230,3,3,'12','12',to_date('18/11/09','RR/MM/DD'),1);
Insert into OB.OBHOTEL_BOARD (ID,USER_ID,BOARD_TYPE,TITLE,CONTENT,WRITE_DATE,READ_COUNT) values (341,1,1,'애국가','1. 동해물과 백두산이 마르고 닳도록 
하느님이 보우하사 우리나라 만세
무궁화 삼천리 화려 강산
대한 사람 대한으로 길이 보전하세

2. 남산 위에 저 소나무 철갑을 두른 듯 
바람 서리 불변함은 우리 기상일세
무궁화 삼천리 화려 강산 
대한 사람 대한으로 길이 보전하세에에
',to_date('18/11/15','RR/MM/DD'),0);
Insert into OB.OBHOTEL_BOARD (ID,USER_ID,BOARD_TYPE,TITLE,CONTENT,WRITE_DATE,READ_COUNT) values (278,1,1,'rgr','rgrgr',to_date('18/11/14','RR/MM/DD'),0);
Insert into OB.OBHOTEL_BOARD (ID,USER_ID,BOARD_TYPE,TITLE,CONTENT,WRITE_DATE,READ_COUNT) values (366,2,3,'애국가','1. 동해물과 백두산이 마르고 닳도록 
하느님이 보우하사 우리나라 만세
무궁화 삼천리 화려 강산
대한 사람 대한으로 길이 보전하세

2. 남산 위에 저 소나무 철갑을 두른 듯 
바람 서리 불변함은 우리 기상일세
무궁화 삼천리 화려 강산 
대한 사람 대한으로 길이 보전하세
',to_date('18/11/16','RR/MM/DD'),19);
Insert into OB.OBHOTEL_BOARD (ID,USER_ID,BOARD_TYPE,TITLE,CONTENT,WRITE_DATE,READ_COUNT) values (1,1,2,'이벤트제목1','이벤트내용1',to_date('18/11/06','RR/MM/DD'),0);
Insert into OB.OBHOTEL_BOARD (ID,USER_ID,BOARD_TYPE,TITLE,CONTENT,WRITE_DATE,READ_COUNT) values (2,1,2,'이벤트제목2','이벤트내용2',to_date('18/11/06','RR/MM/DD'),0);
Insert into OB.OBHOTEL_BOARD (ID,USER_ID,BOARD_TYPE,TITLE,CONTENT,WRITE_DATE,READ_COUNT) values (3,1,2,'이벤트제목3','이벤트내용3',to_date('18/11/06','RR/MM/DD'),0);
Insert into OB.OBHOTEL_BOARD (ID,USER_ID,BOARD_TYPE,TITLE,CONTENT,WRITE_DATE,READ_COUNT) values (4,1,2,'이벤트제목4','이벤트내용4',to_date('18/11/06','RR/MM/DD'),0);
Insert into OB.OBHOTEL_BOARD (ID,USER_ID,BOARD_TYPE,TITLE,CONTENT,WRITE_DATE,READ_COUNT) values (5,1,2,'이벤트제목5','이벤트내용5',to_date('18/11/06','RR/MM/DD'),0);
Insert into OB.OBHOTEL_BOARD (ID,USER_ID,BOARD_TYPE,TITLE,CONTENT,WRITE_DATE,READ_COUNT) values (6,1,1,'공지사항제목1','공지사항내용1',to_date('18/11/06','RR/MM/DD'),0);
Insert into OB.OBHOTEL_BOARD (ID,USER_ID,BOARD_TYPE,TITLE,CONTENT,WRITE_DATE,READ_COUNT) values (7,1,1,'공지사항제목2','공지사항내용2',to_date('18/11/06','RR/MM/DD'),0);
Insert into OB.OBHOTEL_BOARD (ID,USER_ID,BOARD_TYPE,TITLE,CONTENT,WRITE_DATE,READ_COUNT) values (8,1,1,'공지사항제목3','공지사항내용3',to_date('18/11/06','RR/MM/DD'),0);
Insert into OB.OBHOTEL_BOARD (ID,USER_ID,BOARD_TYPE,TITLE,CONTENT,WRITE_DATE,READ_COUNT) values (9,1,1,'공지사항제목4','공지사항내용4',to_date('18/11/06','RR/MM/DD'),0);
Insert into OB.OBHOTEL_BOARD (ID,USER_ID,BOARD_TYPE,TITLE,CONTENT,WRITE_DATE,READ_COUNT) values (10,1,1,'공지사항제목5','공지사항내용5',to_date('18/11/06','RR/MM/DD'),0);
Insert into OB.OBHOTEL_BOARD (ID,USER_ID,BOARD_TYPE,TITLE,CONTENT,WRITE_DATE,READ_COUNT) values (11,1,3,'방명록제목1','방명록내용1',to_date('18/11/06','RR/MM/DD'),0);
Insert into OB.OBHOTEL_BOARD (ID,USER_ID,BOARD_TYPE,TITLE,CONTENT,WRITE_DATE,READ_COUNT) values (12,1,3,'방명록제목3','방명록내용2',to_date('18/11/06','RR/MM/DD'),0);
Insert into OB.OBHOTEL_BOARD (ID,USER_ID,BOARD_TYPE,TITLE,CONTENT,WRITE_DATE,READ_COUNT) values (13,1,3,'방명록제목3','방명록내용3',to_date('18/11/06','RR/MM/DD'),0);
Insert into OB.OBHOTEL_BOARD (ID,USER_ID,BOARD_TYPE,TITLE,CONTENT,WRITE_DATE,READ_COUNT) values (14,1,3,'방명록제목4','방명록내용4',to_date('18/11/06','RR/MM/DD'),0);
Insert into OB.OBHOTEL_BOARD (ID,USER_ID,BOARD_TYPE,TITLE,CONTENT,WRITE_DATE,READ_COUNT) values (15,1,3,'방명록제목5','방명록내용5',to_date('18/11/06','RR/MM/DD'),0);
Insert into OB.OBHOTEL_BOARD (ID,USER_ID,BOARD_TYPE,TITLE,CONTENT,WRITE_DATE,READ_COUNT) values (16,1,3,'방명록제목6','방명록내용6',to_date('18/11/06','RR/MM/DD'),0);
Insert into OB.OBHOTEL_BOARD (ID,USER_ID,BOARD_TYPE,TITLE,CONTENT,WRITE_DATE,READ_COUNT) values (17,1,3,'방명록제목7','방명록내용7',to_date('18/11/06','RR/MM/DD'),0);
Insert into OB.OBHOTEL_BOARD (ID,USER_ID,BOARD_TYPE,TITLE,CONTENT,WRITE_DATE,READ_COUNT) values (18,1,3,'방명록제목8','방명록내용8',to_date('18/11/06','RR/MM/DD'),0);
Insert into OB.OBHOTEL_BOARD (ID,USER_ID,BOARD_TYPE,TITLE,CONTENT,WRITE_DATE,READ_COUNT) values (19,1,3,'방명록제목9','방명록내용9',to_date('18/11/06','RR/MM/DD'),0);
Insert into OB.OBHOTEL_BOARD (ID,USER_ID,BOARD_TYPE,TITLE,CONTENT,WRITE_DATE,READ_COUNT) values (20,1,3,'방명록제목10','방명록내용10',to_date('18/11/06','RR/MM/DD'),0);
Insert into OB.OBHOTEL_BOARD (ID,USER_ID,BOARD_TYPE,TITLE,CONTENT,WRITE_DATE,READ_COUNT) values (21,1,3,'방명록제목11','방명록내용11',to_date('18/11/06','RR/MM/DD'),0);
Insert into OB.OBHOTEL_BOARD (ID,USER_ID,BOARD_TYPE,TITLE,CONTENT,WRITE_DATE,READ_COUNT) values (22,1,3,'방명록제목012','방명록내용012',to_date('18/11/06','RR/MM/DD'),0);
Insert into OB.OBHOTEL_BOARD (ID,USER_ID,BOARD_TYPE,TITLE,CONTENT,WRITE_DATE,READ_COUNT) values (23,1,3,'방명록제목013','방명록내용013',to_date('18/11/06','RR/MM/DD'),0);
Insert into OB.OBHOTEL_BOARD (ID,USER_ID,BOARD_TYPE,TITLE,CONTENT,WRITE_DATE,READ_COUNT) values (24,1,3,'방명록제목014','방명록내용014',to_date('18/11/06','RR/MM/DD'),0);
Insert into OB.OBHOTEL_BOARD (ID,USER_ID,BOARD_TYPE,TITLE,CONTENT,WRITE_DATE,READ_COUNT) values (25,1,3,'방명록제목015','방명록내용015',to_date('18/11/06','RR/MM/DD'),0);
Insert into OB.OBHOTEL_BOARD (ID,USER_ID,BOARD_TYPE,TITLE,CONTENT,WRITE_DATE,READ_COUNT) values (26,1,3,'방명록제목016','방명록내용016',to_date('18/11/06','RR/MM/DD'),0);
Insert into OB.OBHOTEL_BOARD (ID,USER_ID,BOARD_TYPE,TITLE,CONTENT,WRITE_DATE,READ_COUNT) values (27,1,3,'방명록제목017','방명록내용017',to_date('18/11/06','RR/MM/DD'),0);
Insert into OB.OBHOTEL_BOARD (ID,USER_ID,BOARD_TYPE,TITLE,CONTENT,WRITE_DATE,READ_COUNT) values (28,1,3,'방명록제목018','방명록내용018',to_date('18/11/06','RR/MM/DD'),0);
Insert into OB.OBHOTEL_BOARD (ID,USER_ID,BOARD_TYPE,TITLE,CONTENT,WRITE_DATE,READ_COUNT) values (29,1,3,'방명록제목019','방명록내용019',to_date('18/11/06','RR/MM/DD'),0);
Insert into OB.OBHOTEL_BOARD (ID,USER_ID,BOARD_TYPE,TITLE,CONTENT,WRITE_DATE,READ_COUNT) values (30,1,3,'방명록제목020','방명록내용020',to_date('18/11/06','RR/MM/DD'),0);
Insert into OB.OBHOTEL_BOARD (ID,USER_ID,BOARD_TYPE,TITLE,CONTENT,WRITE_DATE,READ_COUNT) values (31,1,3,'방명록제목021','방명록내용021',to_date('18/11/06','RR/MM/DD'),0);
Insert into OB.OBHOTEL_BOARD (ID,USER_ID,BOARD_TYPE,TITLE,CONTENT,WRITE_DATE,READ_COUNT) values (32,1,3,'방명록제목022','방명록내용022',to_date('18/11/06','RR/MM/DD'),0);
Insert into OB.OBHOTEL_BOARD (ID,USER_ID,BOARD_TYPE,TITLE,CONTENT,WRITE_DATE,READ_COUNT) values (33,1,3,'방명록제목023','방명록내용023',to_date('18/11/06','RR/MM/DD'),0);
Insert into OB.OBHOTEL_BOARD (ID,USER_ID,BOARD_TYPE,TITLE,CONTENT,WRITE_DATE,READ_COUNT) values (34,1,3,'방명록제목024','방명록내용024',to_date('18/11/06','RR/MM/DD'),0);
Insert into OB.OBHOTEL_BOARD (ID,USER_ID,BOARD_TYPE,TITLE,CONTENT,WRITE_DATE,READ_COUNT) values (35,1,3,'방명록제목025','방명록내용025',to_date('18/11/06','RR/MM/DD'),0);
Insert into OB.OBHOTEL_BOARD (ID,USER_ID,BOARD_TYPE,TITLE,CONTENT,WRITE_DATE,READ_COUNT) values (36,1,3,'방명록제목026','방명록내용026',to_date('18/11/06','RR/MM/DD'),0);
Insert into OB.OBHOTEL_BOARD (ID,USER_ID,BOARD_TYPE,TITLE,CONTENT,WRITE_DATE,READ_COUNT) values (37,1,3,'방명록제목027','방명록내용027',to_date('18/11/06','RR/MM/DD'),0);
Insert into OB.OBHOTEL_BOARD (ID,USER_ID,BOARD_TYPE,TITLE,CONTENT,WRITE_DATE,READ_COUNT) values (38,1,3,'방명록제목028','방명록내용028',to_date('18/11/06','RR/MM/DD'),0);
Insert into OB.OBHOTEL_BOARD (ID,USER_ID,BOARD_TYPE,TITLE,CONTENT,WRITE_DATE,READ_COUNT) values (39,1,3,'방명록제목029','방명록내용029',to_date('18/11/06','RR/MM/DD'),0);
Insert into OB.OBHOTEL_BOARD (ID,USER_ID,BOARD_TYPE,TITLE,CONTENT,WRITE_DATE,READ_COUNT) values (40,1,3,'방명록제목030','방명록내용030',to_date('18/11/06','RR/MM/DD'),0);
Insert into OB.OBHOTEL_BOARD (ID,USER_ID,BOARD_TYPE,TITLE,CONTENT,WRITE_DATE,READ_COUNT) values (41,1,3,'방명록제목031','방명록내용031',to_date('18/11/06','RR/MM/DD'),0);
Insert into OB.OBHOTEL_BOARD (ID,USER_ID,BOARD_TYPE,TITLE,CONTENT,WRITE_DATE,READ_COUNT) values (42,1,3,'방명록제목032','방명록내용032',to_date('18/11/06','RR/MM/DD'),0);
Insert into OB.OBHOTEL_BOARD (ID,USER_ID,BOARD_TYPE,TITLE,CONTENT,WRITE_DATE,READ_COUNT) values (43,1,3,'방명록제목033','방명록내용033',to_date('18/11/06','RR/MM/DD'),0);
Insert into OB.OBHOTEL_BOARD (ID,USER_ID,BOARD_TYPE,TITLE,CONTENT,WRITE_DATE,READ_COUNT) values (44,1,3,'방명록제목034','방명록내용034',to_date('18/11/06','RR/MM/DD'),0);
Insert into OB.OBHOTEL_BOARD (ID,USER_ID,BOARD_TYPE,TITLE,CONTENT,WRITE_DATE,READ_COUNT) values (45,1,3,'방명록제목035','방명록내용035',to_date('18/11/06','RR/MM/DD'),0);
Insert into OB.OBHOTEL_BOARD (ID,USER_ID,BOARD_TYPE,TITLE,CONTENT,WRITE_DATE,READ_COUNT) values (46,1,3,'방명록제목036','방명록내용036',to_date('18/11/06','RR/MM/DD'),0);
Insert into OB.OBHOTEL_BOARD (ID,USER_ID,BOARD_TYPE,TITLE,CONTENT,WRITE_DATE,READ_COUNT) values (47,1,3,'방명록제목037','방명록내용037',to_date('18/11/06','RR/MM/DD'),0);
Insert into OB.OBHOTEL_BOARD (ID,USER_ID,BOARD_TYPE,TITLE,CONTENT,WRITE_DATE,READ_COUNT) values (48,1,3,'방명록제목038','방명록내용038',to_date('18/11/06','RR/MM/DD'),0);
Insert into OB.OBHOTEL_BOARD (ID,USER_ID,BOARD_TYPE,TITLE,CONTENT,WRITE_DATE,READ_COUNT) values (49,1,3,'방명록제목039','방명록내용039',to_date('18/11/06','RR/MM/DD'),0);
Insert into OB.OBHOTEL_BOARD (ID,USER_ID,BOARD_TYPE,TITLE,CONTENT,WRITE_DATE,READ_COUNT) values (50,1,3,'방명록제목040','방명록내용040',to_date('18/11/06','RR/MM/DD'),0);
Insert into OB.OBHOTEL_BOARD (ID,USER_ID,BOARD_TYPE,TITLE,CONTENT,WRITE_DATE,READ_COUNT) values (51,1,3,'방명록제목041','방명록내용041',to_date('18/11/06','RR/MM/DD'),0);
Insert into OB.OBHOTEL_BOARD (ID,USER_ID,BOARD_TYPE,TITLE,CONTENT,WRITE_DATE,READ_COUNT) values (52,1,3,'방명록제목042','방명록내용042',to_date('18/11/06','RR/MM/DD'),0);
Insert into OB.OBHOTEL_BOARD (ID,USER_ID,BOARD_TYPE,TITLE,CONTENT,WRITE_DATE,READ_COUNT) values (53,1,3,'방명록제목043','방명록내용043',to_date('18/11/06','RR/MM/DD'),0);
Insert into OB.OBHOTEL_BOARD (ID,USER_ID,BOARD_TYPE,TITLE,CONTENT,WRITE_DATE,READ_COUNT) values (54,1,3,'방명록제목044','방명록내용044',to_date('18/11/06','RR/MM/DD'),0);
Insert into OB.OBHOTEL_BOARD (ID,USER_ID,BOARD_TYPE,TITLE,CONTENT,WRITE_DATE,READ_COUNT) values (55,1,3,'방명록제목045','방명록내용045',to_date('18/11/06','RR/MM/DD'),0);
Insert into OB.OBHOTEL_BOARD (ID,USER_ID,BOARD_TYPE,TITLE,CONTENT,WRITE_DATE,READ_COUNT) values (56,1,3,'방명록제목046','방명록내용046',to_date('18/11/06','RR/MM/DD'),0);
Insert into OB.OBHOTEL_BOARD (ID,USER_ID,BOARD_TYPE,TITLE,CONTENT,WRITE_DATE,READ_COUNT) values (57,1,3,'방명록제목047','방명록내용047',to_date('18/11/06','RR/MM/DD'),0);
Insert into OB.OBHOTEL_BOARD (ID,USER_ID,BOARD_TYPE,TITLE,CONTENT,WRITE_DATE,READ_COUNT) values (58,1,3,'방명록제목048','방명록내용048',to_date('18/11/06','RR/MM/DD'),0);
Insert into OB.OBHOTEL_BOARD (ID,USER_ID,BOARD_TYPE,TITLE,CONTENT,WRITE_DATE,READ_COUNT) values (59,1,3,'방명록제목049','방명록내용049',to_date('18/11/06','RR/MM/DD'),0);
Insert into OB.OBHOTEL_BOARD (ID,USER_ID,BOARD_TYPE,TITLE,CONTENT,WRITE_DATE,READ_COUNT) values (60,1,3,'방명록제목050','방명록내용050',to_date('18/11/06','RR/MM/DD'),0);
Insert into OB.OBHOTEL_BOARD (ID,USER_ID,BOARD_TYPE,TITLE,CONTENT,WRITE_DATE,READ_COUNT) values (61,1,3,'방명록제목051','방명록내용051',to_date('18/11/06','RR/MM/DD'),0);
Insert into OB.OBHOTEL_BOARD (ID,USER_ID,BOARD_TYPE,TITLE,CONTENT,WRITE_DATE,READ_COUNT) values (62,1,3,'방명록제목052','방명록내용052',to_date('18/11/06','RR/MM/DD'),0);
Insert into OB.OBHOTEL_BOARD (ID,USER_ID,BOARD_TYPE,TITLE,CONTENT,WRITE_DATE,READ_COUNT) values (63,1,3,'방명록제목053','방명록내용053',to_date('18/11/06','RR/MM/DD'),0);
Insert into OB.OBHOTEL_BOARD (ID,USER_ID,BOARD_TYPE,TITLE,CONTENT,WRITE_DATE,READ_COUNT) values (64,1,3,'방명록제목054','방명록내용054',to_date('18/11/06','RR/MM/DD'),0);
Insert into OB.OBHOTEL_BOARD (ID,USER_ID,BOARD_TYPE,TITLE,CONTENT,WRITE_DATE,READ_COUNT) values (65,1,3,'방명록제목055','방명록내용055',to_date('18/11/06','RR/MM/DD'),0);
Insert into OB.OBHOTEL_BOARD (ID,USER_ID,BOARD_TYPE,TITLE,CONTENT,WRITE_DATE,READ_COUNT) values (66,1,3,'방명록제목056','방명록내용056',to_date('18/11/06','RR/MM/DD'),0);
Insert into OB.OBHOTEL_BOARD (ID,USER_ID,BOARD_TYPE,TITLE,CONTENT,WRITE_DATE,READ_COUNT) values (67,1,3,'방명록제목057','방명록내용057',to_date('18/11/06','RR/MM/DD'),0);
Insert into OB.OBHOTEL_BOARD (ID,USER_ID,BOARD_TYPE,TITLE,CONTENT,WRITE_DATE,READ_COUNT) values (68,1,3,'방명록제목058','방명록내용058',to_date('18/11/06','RR/MM/DD'),0);
Insert into OB.OBHOTEL_BOARD (ID,USER_ID,BOARD_TYPE,TITLE,CONTENT,WRITE_DATE,READ_COUNT) values (69,1,3,'방명록제목059','방명록내용059',to_date('18/11/06','RR/MM/DD'),0);
Insert into OB.OBHOTEL_BOARD (ID,USER_ID,BOARD_TYPE,TITLE,CONTENT,WRITE_DATE,READ_COUNT) values (70,1,3,'방명록제목060','방명록내용060',to_date('18/11/06','RR/MM/DD'),0);
Insert into OB.OBHOTEL_BOARD (ID,USER_ID,BOARD_TYPE,TITLE,CONTENT,WRITE_DATE,READ_COUNT) values (71,1,3,'방명록제목061','방명록내용061',to_date('18/11/06','RR/MM/DD'),0);
Insert into OB.OBHOTEL_BOARD (ID,USER_ID,BOARD_TYPE,TITLE,CONTENT,WRITE_DATE,READ_COUNT) values (72,1,3,'방명록제목062','방명록내용062',to_date('18/11/06','RR/MM/DD'),0);
Insert into OB.OBHOTEL_BOARD (ID,USER_ID,BOARD_TYPE,TITLE,CONTENT,WRITE_DATE,READ_COUNT) values (73,1,3,'방명록제목063','방명록내용063',to_date('18/11/06','RR/MM/DD'),0);
Insert into OB.OBHOTEL_BOARD (ID,USER_ID,BOARD_TYPE,TITLE,CONTENT,WRITE_DATE,READ_COUNT) values (74,1,3,'방명록제목064','방명록내용064',to_date('18/11/06','RR/MM/DD'),0);
Insert into OB.OBHOTEL_BOARD (ID,USER_ID,BOARD_TYPE,TITLE,CONTENT,WRITE_DATE,READ_COUNT) values (75,1,3,'방명록제목065','방명록내용065',to_date('18/11/06','RR/MM/DD'),0);
Insert into OB.OBHOTEL_BOARD (ID,USER_ID,BOARD_TYPE,TITLE,CONTENT,WRITE_DATE,READ_COUNT) values (76,1,3,'방명록제목066','방명록내용066',to_date('18/11/06','RR/MM/DD'),0);
Insert into OB.OBHOTEL_BOARD (ID,USER_ID,BOARD_TYPE,TITLE,CONTENT,WRITE_DATE,READ_COUNT) values (77,1,3,'방명록제목067','방명록내용067',to_date('18/11/06','RR/MM/DD'),0);
Insert into OB.OBHOTEL_BOARD (ID,USER_ID,BOARD_TYPE,TITLE,CONTENT,WRITE_DATE,READ_COUNT) values (78,1,3,'방명록제목068','방명록내용068',to_date('18/11/06','RR/MM/DD'),0);
Insert into OB.OBHOTEL_BOARD (ID,USER_ID,BOARD_TYPE,TITLE,CONTENT,WRITE_DATE,READ_COUNT) values (79,1,3,'방명록제목069','방명록내용069',to_date('18/11/06','RR/MM/DD'),0);
Insert into OB.OBHOTEL_BOARD (ID,USER_ID,BOARD_TYPE,TITLE,CONTENT,WRITE_DATE,READ_COUNT) values (80,1,3,'방명록제목070','방명록내용070',to_date('18/11/06','RR/MM/DD'),0);
Insert into OB.OBHOTEL_BOARD (ID,USER_ID,BOARD_TYPE,TITLE,CONTENT,WRITE_DATE,READ_COUNT) values (81,1,3,'방명록제목071','방명록내용071',to_date('18/11/06','RR/MM/DD'),0);
Insert into OB.OBHOTEL_BOARD (ID,USER_ID,BOARD_TYPE,TITLE,CONTENT,WRITE_DATE,READ_COUNT) values (82,1,3,'방명록제목072','방명록내용072',to_date('18/11/06','RR/MM/DD'),0);
Insert into OB.OBHOTEL_BOARD (ID,USER_ID,BOARD_TYPE,TITLE,CONTENT,WRITE_DATE,READ_COUNT) values (83,1,3,'방명록제목073','방명록내용073',to_date('18/11/06','RR/MM/DD'),0);
Insert into OB.OBHOTEL_BOARD (ID,USER_ID,BOARD_TYPE,TITLE,CONTENT,WRITE_DATE,READ_COUNT) values (84,1,3,'방명록제목074','방명록내용074',to_date('18/11/06','RR/MM/DD'),0);
Insert into OB.OBHOTEL_BOARD (ID,USER_ID,BOARD_TYPE,TITLE,CONTENT,WRITE_DATE,READ_COUNT) values (85,1,3,'방명록제목075','방명록내용075',to_date('18/11/06','RR/MM/DD'),0);
Insert into OB.OBHOTEL_BOARD (ID,USER_ID,BOARD_TYPE,TITLE,CONTENT,WRITE_DATE,READ_COUNT) values (86,1,3,'방명록제목076','방명록내용076',to_date('18/11/06','RR/MM/DD'),0);
Insert into OB.OBHOTEL_BOARD (ID,USER_ID,BOARD_TYPE,TITLE,CONTENT,WRITE_DATE,READ_COUNT) values (87,1,3,'방명록제목077','방명록내용077',to_date('18/11/06','RR/MM/DD'),0);
Insert into OB.OBHOTEL_BOARD (ID,USER_ID,BOARD_TYPE,TITLE,CONTENT,WRITE_DATE,READ_COUNT) values (88,1,3,'방명록제목078','방명록내용078',to_date('18/11/06','RR/MM/DD'),0);
Insert into OB.OBHOTEL_BOARD (ID,USER_ID,BOARD_TYPE,TITLE,CONTENT,WRITE_DATE,READ_COUNT) values (89,1,3,'방명록제목079','방명록내용079',to_date('18/11/06','RR/MM/DD'),0);
Insert into OB.OBHOTEL_BOARD (ID,USER_ID,BOARD_TYPE,TITLE,CONTENT,WRITE_DATE,READ_COUNT) values (90,1,3,'방명록제목080','방명록내용080',to_date('18/11/06','RR/MM/DD'),0);
Insert into OB.OBHOTEL_BOARD (ID,USER_ID,BOARD_TYPE,TITLE,CONTENT,WRITE_DATE,READ_COUNT) values (91,1,3,'방명록제목081','방명록내용081',to_date('18/11/06','RR/MM/DD'),0);
Insert into OB.OBHOTEL_BOARD (ID,USER_ID,BOARD_TYPE,TITLE,CONTENT,WRITE_DATE,READ_COUNT) values (92,1,3,'방명록제목082','방명록내용082',to_date('18/11/06','RR/MM/DD'),0);
Insert into OB.OBHOTEL_BOARD (ID,USER_ID,BOARD_TYPE,TITLE,CONTENT,WRITE_DATE,READ_COUNT) values (93,1,3,'방명록제목083','방명록내용083',to_date('18/11/06','RR/MM/DD'),0);
Insert into OB.OBHOTEL_BOARD (ID,USER_ID,BOARD_TYPE,TITLE,CONTENT,WRITE_DATE,READ_COUNT) values (94,1,3,'방명록제목084','방명록내용084',to_date('18/11/06','RR/MM/DD'),0);
Insert into OB.OBHOTEL_BOARD (ID,USER_ID,BOARD_TYPE,TITLE,CONTENT,WRITE_DATE,READ_COUNT) values (95,1,3,'방명록제목085','방명록내용085',to_date('18/11/06','RR/MM/DD'),0);
Insert into OB.OBHOTEL_BOARD (ID,USER_ID,BOARD_TYPE,TITLE,CONTENT,WRITE_DATE,READ_COUNT) values (96,1,3,'방명록제목086','방명록내용086',to_date('18/11/06','RR/MM/DD'),0);
Insert into OB.OBHOTEL_BOARD (ID,USER_ID,BOARD_TYPE,TITLE,CONTENT,WRITE_DATE,READ_COUNT) values (97,1,3,'방명록제목087','방명록내용087',to_date('18/11/06','RR/MM/DD'),0);
Insert into OB.OBHOTEL_BOARD (ID,USER_ID,BOARD_TYPE,TITLE,CONTENT,WRITE_DATE,READ_COUNT) values (98,1,3,'방명록제목088','방명록내용088',to_date('18/11/06','RR/MM/DD'),0);
Insert into OB.OBHOTEL_BOARD (ID,USER_ID,BOARD_TYPE,TITLE,CONTENT,WRITE_DATE,READ_COUNT) values (99,1,3,'방명록제목089','방명록내용089',to_date('18/11/06','RR/MM/DD'),0);
Insert into OB.OBHOTEL_BOARD (ID,USER_ID,BOARD_TYPE,TITLE,CONTENT,WRITE_DATE,READ_COUNT) values (100,1,3,'방명록제목090','방명록내용090',to_date('18/11/06','RR/MM/DD'),0);
Insert into OB.OBHOTEL_BOARD (ID,USER_ID,BOARD_TYPE,TITLE,CONTENT,WRITE_DATE,READ_COUNT) values (101,1,3,'방명록제목091','방명록내용091',to_date('18/11/06','RR/MM/DD'),0);
Insert into OB.OBHOTEL_BOARD (ID,USER_ID,BOARD_TYPE,TITLE,CONTENT,WRITE_DATE,READ_COUNT) values (102,1,3,'방명록제목092','방명록내용092',to_date('18/11/06','RR/MM/DD'),0);
Insert into OB.OBHOTEL_BOARD (ID,USER_ID,BOARD_TYPE,TITLE,CONTENT,WRITE_DATE,READ_COUNT) values (103,1,3,'방명록제목093','방명록내용093',to_date('18/11/06','RR/MM/DD'),0);
Insert into OB.OBHOTEL_BOARD (ID,USER_ID,BOARD_TYPE,TITLE,CONTENT,WRITE_DATE,READ_COUNT) values (104,1,3,'방명록제목094','방명록내용094',to_date('18/11/06','RR/MM/DD'),0);
Insert into OB.OBHOTEL_BOARD (ID,USER_ID,BOARD_TYPE,TITLE,CONTENT,WRITE_DATE,READ_COUNT) values (105,1,3,'방명록제목095','방명록내용095',to_date('18/11/06','RR/MM/DD'),0);
Insert into OB.OBHOTEL_BOARD (ID,USER_ID,BOARD_TYPE,TITLE,CONTENT,WRITE_DATE,READ_COUNT) values (106,1,3,'방명록제목096','방명록내용096',to_date('18/11/06','RR/MM/DD'),0);
Insert into OB.OBHOTEL_BOARD (ID,USER_ID,BOARD_TYPE,TITLE,CONTENT,WRITE_DATE,READ_COUNT) values (107,1,3,'방명록제목097','방명록내용097',to_date('18/11/06','RR/MM/DD'),0);
Insert into OB.OBHOTEL_BOARD (ID,USER_ID,BOARD_TYPE,TITLE,CONTENT,WRITE_DATE,READ_COUNT) values (108,1,3,'방명록제목098','방명록내용098',to_date('18/11/06','RR/MM/DD'),0);
Insert into OB.OBHOTEL_BOARD (ID,USER_ID,BOARD_TYPE,TITLE,CONTENT,WRITE_DATE,READ_COUNT) values (109,1,3,'방명록제목099','방명록내용099',to_date('18/11/06','RR/MM/DD'),0);
Insert into OB.OBHOTEL_BOARD (ID,USER_ID,BOARD_TYPE,TITLE,CONTENT,WRITE_DATE,READ_COUNT) values (110,1,3,'방명록제목100','방명록내용100',to_date('18/11/06','RR/MM/DD'),0);
Insert into OB.OBHOTEL_BOARD (ID,USER_ID,BOARD_TYPE,TITLE,CONTENT,WRITE_DATE,READ_COUNT) values (111,1,3,'방명록제목101','방명록내용101',to_date('18/11/06','RR/MM/DD'),0);
Insert into OB.OBHOTEL_BOARD (ID,USER_ID,BOARD_TYPE,TITLE,CONTENT,WRITE_DATE,READ_COUNT) values (112,1,3,'방명록제목102','방명록내용102',to_date('18/11/06','RR/MM/DD'),0);
Insert into OB.OBHOTEL_BOARD (ID,USER_ID,BOARD_TYPE,TITLE,CONTENT,WRITE_DATE,READ_COUNT) values (113,1,3,'방명록제목103','방명록내용103',to_date('18/11/06','RR/MM/DD'),0);
Insert into OB.OBHOTEL_BOARD (ID,USER_ID,BOARD_TYPE,TITLE,CONTENT,WRITE_DATE,READ_COUNT) values (114,1,3,'방명록제목104','방명록내용104',to_date('18/11/06','RR/MM/DD'),0);
Insert into OB.OBHOTEL_BOARD (ID,USER_ID,BOARD_TYPE,TITLE,CONTENT,WRITE_DATE,READ_COUNT) values (115,1,3,'방명록제목105','방명록내용105',to_date('18/11/06','RR/MM/DD'),0);
Insert into OB.OBHOTEL_BOARD (ID,USER_ID,BOARD_TYPE,TITLE,CONTENT,WRITE_DATE,READ_COUNT) values (116,1,3,'방명록제목106','방명록내용106',to_date('18/11/06','RR/MM/DD'),0);
Insert into OB.OBHOTEL_BOARD (ID,USER_ID,BOARD_TYPE,TITLE,CONTENT,WRITE_DATE,READ_COUNT) values (117,1,3,'방명록제목107','방명록내용107',to_date('18/11/06','RR/MM/DD'),0);
REM INSERTING into OB.OBHOTEL_BOARD_FILE
SET DEFINE OFF;
Insert into OB.OBHOTEL_BOARD_FILE (ID,BOARD_ID,FILENAME,SAVED_FILENAME,FILESIZE) values (7,124,'Chrysanthemum.jpg','Chrysanthemum.jpg',248000);
Insert into OB.OBHOTEL_BOARD_FILE (ID,BOARD_ID,FILENAME,SAVED_FILENAME,FILESIZE) values (9,147,'Koala.jpg','Koala.jpg',248000);
Insert into OB.OBHOTEL_BOARD_FILE (ID,BOARD_ID,FILENAME,SAVED_FILENAME,FILESIZE) values (42,244,'eventIMG11.jpg','eventIMG11.jpg',248000);
Insert into OB.OBHOTEL_BOARD_FILE (ID,BOARD_ID,FILENAME,SAVED_FILENAME,FILESIZE) values (21,209,'eventIMG6.jpg','eventIMG6.jpg',248000);
Insert into OB.OBHOTEL_BOARD_FILE (ID,BOARD_ID,FILENAME,SAVED_FILENAME,FILESIZE) values (22,242,'eventIMG7.jpg','eventIMG7.jpg',248000);
Insert into OB.OBHOTEL_BOARD_FILE (ID,BOARD_ID,FILENAME,SAVED_FILENAME,FILESIZE) values (41,282,'eventIMG9.jpg','eventIMG9.jpg',248000);
Insert into OB.OBHOTEL_BOARD_FILE (ID,BOARD_ID,FILENAME,SAVED_FILENAME,FILESIZE) values (1,1,'eventIMG1.jpg','eventIMG1.jpg',248000);
Insert into OB.OBHOTEL_BOARD_FILE (ID,BOARD_ID,FILENAME,SAVED_FILENAME,FILESIZE) values (2,2,'eventIMG2.jpg','eventIMG2.jpg',248000);
Insert into OB.OBHOTEL_BOARD_FILE (ID,BOARD_ID,FILENAME,SAVED_FILENAME,FILESIZE) values (3,3,'eventIMG3.jpg','eventIMG3.jpg',248000);
Insert into OB.OBHOTEL_BOARD_FILE (ID,BOARD_ID,FILENAME,SAVED_FILENAME,FILESIZE) values (4,4,'eventIMG4.jpg','eventIMG4.jpg',248000);
Insert into OB.OBHOTEL_BOARD_FILE (ID,BOARD_ID,FILENAME,SAVED_FILENAME,FILESIZE) values (5,5,'eventIMG5.jpg','eventIMG5.jpg',248000);
REM INSERTING into OB.OBHOTEL_BOARD_REPLY
SET DEFINE OFF;
Insert into OB.OBHOTEL_BOARD_REPLY (ID,BOARD_ID,USER_ID,CONTENT,WRITE_DATE,WRITER) values (134,365,118,'ddfddaa',to_date('18/11/16','RR/MM/DD'),'김대훈(drumline309)');
Insert into OB.OBHOTEL_BOARD_REPLY (ID,BOARD_ID,USER_ID,CONTENT,WRITE_DATE,WRITER) values (138,365,118,'efefefefe',to_date('18/11/16','RR/MM/DD'),'김대훈(drumline309)');
Insert into OB.OBHOTEL_BOARD_REPLY (ID,BOARD_ID,USER_ID,CONTENT,WRITE_DATE,WRITER) values (126,358,2,'rgrgr',to_date('18/11/16','RR/MM/DD'),'김수완(user1)');
Insert into OB.OBHOTEL_BOARD_REPLY (ID,BOARD_ID,USER_ID,CONTENT,WRITE_DATE,WRITER) values (89,266,147,'다시 쓸꺼야',to_date('18/11/16','RR/MM/DD'),'김재현(zxz1231)');
Insert into OB.OBHOTEL_BOARD_REPLY (ID,BOARD_ID,USER_ID,CONTENT,WRITE_DATE,WRITER) values (93,266,118,'cdwqqqqqqq',to_date('18/11/16','RR/MM/DD'),'김대훈(drumline309)');
Insert into OB.OBHOTEL_BOARD_REPLY (ID,BOARD_ID,USER_ID,CONTENT,WRITE_DATE,WRITER) values (91,266,118,'efefe2fe',to_date('18/11/16','RR/MM/DD'),'김대훈(drumline309)');
Insert into OB.OBHOTEL_BOARD_REPLY (ID,BOARD_ID,USER_ID,CONTENT,WRITE_DATE,WRITER) values (92,266,118,'f2ef2eddddddddddddd',to_date('18/11/16','RR/MM/DD'),'김대훈(drumline309)');
Insert into OB.OBHOTEL_BOARD_REPLY (ID,BOARD_ID,USER_ID,CONTENT,WRITE_DATE,WRITER) values (94,266,118,'efeqfqe',to_date('18/11/16','RR/MM/DD'),'김대훈(drumline309)');
Insert into OB.OBHOTEL_BOARD_REPLY (ID,BOARD_ID,USER_ID,CONTENT,WRITE_DATE,WRITER) values (98,266,2,'rgwgwgwrgw',to_date('18/11/16','RR/MM/DD'),'김수완(user1)');
Insert into OB.OBHOTEL_BOARD_REPLY (ID,BOARD_ID,USER_ID,CONTENT,WRITE_DATE,WRITER) values (104,358,147,'123123',to_date('18/11/16','RR/MM/DD'),'김재현(zxz1231)');
Insert into OB.OBHOTEL_BOARD_REPLY (ID,BOARD_ID,USER_ID,CONTENT,WRITE_DATE,WRITER) values (105,358,147,';;;',to_date('18/11/16','RR/MM/DD'),'김재현(zxz1231)');
Insert into OB.OBHOTEL_BOARD_REPLY (ID,BOARD_ID,USER_ID,CONTENT,WRITE_DATE,WRITER) values (103,358,147,'댓글 써지나요',to_date('18/11/16','RR/MM/DD'),'김재현(zxz1231)');
Insert into OB.OBHOTEL_BOARD_REPLY (ID,BOARD_ID,USER_ID,CONTENT,WRITE_DATE,WRITER) values (106,358,147,';;;',to_date('18/11/16','RR/MM/DD'),'김재현(zxz1231)');
Insert into OB.OBHOTEL_BOARD_REPLY (ID,BOARD_ID,USER_ID,CONTENT,WRITE_DATE,WRITER) values (127,365,168,'글설리',to_date('18/11/16','RR/MM/DD'),'신원효(six6929)');
Insert into OB.OBHOTEL_BOARD_REPLY (ID,BOARD_ID,USER_ID,CONTENT,WRITE_DATE,WRITER) values (124,358,2,'김재현바보메롱',to_date('18/11/16','RR/MM/DD'),'김수완(user1)');
Insert into OB.OBHOTEL_BOARD_REPLY (ID,BOARD_ID,USER_ID,CONTENT,WRITE_DATE,WRITER) values (125,364,2,'asdfsadfsadf',to_date('18/11/16','RR/MM/DD'),'김수완(user1)');
Insert into OB.OBHOTEL_BOARD_REPLY (ID,BOARD_ID,USER_ID,CONTENT,WRITE_DATE,WRITER) values (128,365,168,'글설리2',to_date('18/11/16','RR/MM/DD'),'신원효(six6929)');
Insert into OB.OBHOTEL_BOARD_REPLY (ID,BOARD_ID,USER_ID,CONTENT,WRITE_DATE,WRITER) values (130,365,1,'조용하세요!!!',to_date('18/11/16','RR/MM/DD'),'admin(admin)');
Insert into OB.OBHOTEL_BOARD_REPLY (ID,BOARD_ID,USER_ID,CONTENT,WRITE_DATE,WRITER) values (131,365,1,'ㅁㅁㅁㅁㅁ',to_date('18/11/16','RR/MM/DD'),'admin(admin)');
Insert into OB.OBHOTEL_BOARD_REPLY (ID,BOARD_ID,USER_ID,CONTENT,WRITE_DATE,WRITER) values (129,365,1,'관리자입니다.
게시판에 장난치지 마십시요',to_date('18/11/16','RR/MM/DD'),'admin(admin)');
Insert into OB.OBHOTEL_BOARD_REPLY (ID,BOARD_ID,USER_ID,CONTENT,WRITE_DATE,WRITER) values (133,365,1,'장난치지 마십시오',to_date('18/11/16','RR/MM/DD'),'admin(admin)');
Insert into OB.OBHOTEL_BOARD_REPLY (ID,BOARD_ID,USER_ID,CONTENT,WRITE_DATE,WRITER) values (132,365,1,'장난치지 마십시오',to_date('18/11/16','RR/MM/DD'),'admin(admin)');
Insert into OB.OBHOTEL_BOARD_REPLY (ID,BOARD_ID,USER_ID,CONTENT,WRITE_DATE,WRITER) values (136,365,2,'123',to_date('18/11/16','RR/MM/DD'),'김수완(user1)');
Insert into OB.OBHOTEL_BOARD_REPLY (ID,BOARD_ID,USER_ID,CONTENT,WRITE_DATE,WRITER) values (137,365,2,'123',to_date('18/11/16','RR/MM/DD'),'김수완(user1)');
Insert into OB.OBHOTEL_BOARD_REPLY (ID,BOARD_ID,USER_ID,CONTENT,WRITE_DATE,WRITER) values (139,366,1,'123',to_date('18/11/16','RR/MM/DD'),'admin(admin)');
REM INSERTING into OB.OBHOTEL_RESERVATION
SET DEFINE OFF;
Insert into OB.OBHOTEL_RESERVATION (ID,USER_ID,ROOM_ID,S_DATE,E_DATE,R_DATE,PAX,REVIEW_ID,TOTAL_COST) values (3,1,3,to_date('18/01/01','RR/MM/DD'),to_date('18/01/03','RR/MM/DD'),to_date('18/11/06','RR/MM/DD'),2,223,40);
Insert into OB.OBHOTEL_RESERVATION (ID,USER_ID,ROOM_ID,S_DATE,E_DATE,R_DATE,PAX,REVIEW_ID,TOTAL_COST) values (79,46,6,to_date('18/11/17','RR/MM/DD'),to_date('18/11/18','RR/MM/DD'),to_date('18/11/16','RR/MM/DD'),1,0,0);
Insert into OB.OBHOTEL_RESERVATION (ID,USER_ID,ROOM_ID,S_DATE,E_DATE,R_DATE,PAX,REVIEW_ID,TOTAL_COST) values (80,46,6,to_date('18/11/16','RR/MM/DD'),to_date('18/11/20','RR/MM/DD'),to_date('18/11/16','RR/MM/DD'),1,0,0);
Insert into OB.OBHOTEL_RESERVATION (ID,USER_ID,ROOM_ID,S_DATE,E_DATE,R_DATE,PAX,REVIEW_ID,TOTAL_COST) values (88,205,4,to_date('18/11/19','RR/MM/DD'),to_date('18/11/22','RR/MM/DD'),to_date('18/11/16','RR/MM/DD'),2,0,0);
Insert into OB.OBHOTEL_RESERVATION (ID,USER_ID,ROOM_ID,S_DATE,E_DATE,R_DATE,PAX,REVIEW_ID,TOTAL_COST) values (10,3,1,to_date('18/01/02','RR/MM/DD'),to_date('18/01/10','RR/MM/DD'),to_date('18/11/16','RR/MM/DD'),2,0,100);
Insert into OB.OBHOTEL_RESERVATION (ID,USER_ID,ROOM_ID,S_DATE,E_DATE,R_DATE,PAX,REVIEW_ID,TOTAL_COST) values (1,1,1,to_date('17/01/10','RR/MM/DD'),to_date('17/01/15','RR/MM/DD'),to_date('18/11/06','RR/MM/DD'),2,221,120);
Insert into OB.OBHOTEL_RESERVATION (ID,USER_ID,ROOM_ID,S_DATE,E_DATE,R_DATE,PAX,REVIEW_ID,TOTAL_COST) values (2,1,2,to_date('17/01/20','RR/MM/DD'),to_date('17/01/25','RR/MM/DD'),to_date('18/11/06','RR/MM/DD'),3,222,100);
REM INSERTING into OB.OBHOTEL_ROOM
SET DEFINE OFF;
Insert into OB.OBHOTEL_ROOM (ID,ROOM_TYPE_ID,ROOM_NAME,ROOM_NUM,ROOM_CONTENT,ROOM_ADDRESS1,ROOM_ADDRESS2,ROOM_THEME) values (1,1,'비트캠프','101','노트북무료대여','서울시','마포구','낭만');
Insert into OB.OBHOTEL_ROOM (ID,ROOM_TYPE_ID,ROOM_NAME,ROOM_NUM,ROOM_CONTENT,ROOM_ADDRESS1,ROOM_ADDRESS2,ROOM_THEME) values (2,2,'비트캠프','102','pc방급 ','서울시','마포구','꿈');
Insert into OB.OBHOTEL_ROOM (ID,ROOM_TYPE_ID,ROOM_NAME,ROOM_NUM,ROOM_CONTENT,ROOM_ADDRESS1,ROOM_ADDRESS2,ROOM_THEME) values (3,3,'비트캠프','103','동영상강의 무료','서울시','마포구','사랑');
Insert into OB.OBHOTEL_ROOM (ID,ROOM_TYPE_ID,ROOM_NAME,ROOM_NUM,ROOM_CONTENT,ROOM_ADDRESS1,ROOM_ADDRESS2,ROOM_THEME) values (4,4,'비트캠프','104','ㅋㅋㅋㅋㅋㅋㅋㅋ','서울시','마포구','사랑');
Insert into OB.OBHOTEL_ROOM (ID,ROOM_TYPE_ID,ROOM_NAME,ROOM_NUM,ROOM_CONTENT,ROOM_ADDRESS1,ROOM_ADDRESS2,ROOM_THEME) values (5,1,'안녕호텔','201','안녕호텔-간단한내용test','서울시','강서구','꿈');
Insert into OB.OBHOTEL_ROOM (ID,ROOM_TYPE_ID,ROOM_NAME,ROOM_NUM,ROOM_CONTENT,ROOM_ADDRESS1,ROOM_ADDRESS2,ROOM_THEME) values (6,1,'안녕호텔','202','안녕호텔-간단한내용test','서울시','강서구','낭만');
Insert into OB.OBHOTEL_ROOM (ID,ROOM_TYPE_ID,ROOM_NAME,ROOM_NUM,ROOM_CONTENT,ROOM_ADDRESS1,ROOM_ADDRESS2,ROOM_THEME) values (7,3,'안녕호텔','203','안녕호텔-간단한내용test','서울시','강서구','추억');
Insert into OB.OBHOTEL_ROOM (ID,ROOM_TYPE_ID,ROOM_NAME,ROOM_NUM,ROOM_CONTENT,ROOM_ADDRESS1,ROOM_ADDRESS2,ROOM_THEME) values (8,4,'안녕호텔','204','안녕호텔-간단한내용test','서울시','강서구','사랑');
Insert into OB.OBHOTEL_ROOM (ID,ROOM_TYPE_ID,ROOM_NAME,ROOM_NUM,ROOM_CONTENT,ROOM_ADDRESS1,ROOM_ADDRESS2,ROOM_THEME) values (9,1,'해운대호텔','301','영화(해운대) 24시간 무료!','부산광역시','해운대구','추억');
Insert into OB.OBHOTEL_ROOM (ID,ROOM_TYPE_ID,ROOM_NAME,ROOM_NUM,ROOM_CONTENT,ROOM_ADDRESS1,ROOM_ADDRESS2,ROOM_THEME) values (10,1,'해운대호텔','302','아이디어가 없어 아이디어 생각중','부산광역시','해운대구','꿈');
Insert into OB.OBHOTEL_ROOM (ID,ROOM_TYPE_ID,ROOM_NAME,ROOM_NUM,ROOM_CONTENT,ROOM_ADDRESS1,ROOM_ADDRESS2,ROOM_THEME) values (11,3,'해운대호텔','303','이벤트룸 ','부산광역시','해운대구','낭만');
Insert into OB.OBHOTEL_ROOM (ID,ROOM_TYPE_ID,ROOM_NAME,ROOM_NUM,ROOM_CONTENT,ROOM_ADDRESS1,ROOM_ADDRESS2,ROOM_THEME) values (12,5,'해운대호텔','304','객실내 워터파크 오픈','부산광역시','해운대구','운동');
Insert into OB.OBHOTEL_ROOM (ID,ROOM_TYPE_ID,ROOM_NAME,ROOM_NUM,ROOM_CONTENT,ROOM_ADDRESS1,ROOM_ADDRESS2,ROOM_THEME) values (13,1,'사상호텔','401','내용을 채울까','부산광역시','사상구','힐링');
Insert into OB.OBHOTEL_ROOM (ID,ROOM_TYPE_ID,ROOM_NAME,ROOM_NUM,ROOM_CONTENT,ROOM_ADDRESS1,ROOM_ADDRESS2,ROOM_THEME) values (14,2,'사상호텔','402','크크크크크크','부산광역시','사상구','휴식');
Insert into OB.OBHOTEL_ROOM (ID,ROOM_TYPE_ID,ROOM_NAME,ROOM_NUM,ROOM_CONTENT,ROOM_ADDRESS1,ROOM_ADDRESS2,ROOM_THEME) values (15,4,'사상호텔','403','아무거나 써야지','부산광역시','사상구','운동');
Insert into OB.OBHOTEL_ROOM (ID,ROOM_TYPE_ID,ROOM_NAME,ROOM_NUM,ROOM_CONTENT,ROOM_ADDRESS1,ROOM_ADDRESS2,ROOM_THEME) values (16,5,'사상호텔','404','하하하하하하','부산광역시','사상구','우정');
Insert into OB.OBHOTEL_ROOM (ID,ROOM_TYPE_ID,ROOM_NAME,ROOM_NUM,ROOM_CONTENT,ROOM_ADDRESS1,ROOM_ADDRESS2,ROOM_THEME) values (17,1,'갈매기호텔','401','경치가 끝내주는 방','인천광역시','소래포구','힐링');
Insert into OB.OBHOTEL_ROOM (ID,ROOM_TYPE_ID,ROOM_NAME,ROOM_NUM,ROOM_CONTENT,ROOM_ADDRESS1,ROOM_ADDRESS2,ROOM_THEME) values (18,1,'갈매기호텔','402','마취방 그냥 들어오면 기절','인천광역시','소래포구','낭만');
Insert into OB.OBHOTEL_ROOM (ID,ROOM_TYPE_ID,ROOM_NAME,ROOM_NUM,ROOM_CONTENT,ROOM_ADDRESS1,ROOM_ADDRESS2,ROOM_THEME) values (19,6,'갈매기호텔','403','파티허용','인천광역시','소래포구','우정');
Insert into OB.OBHOTEL_ROOM (ID,ROOM_TYPE_ID,ROOM_NAME,ROOM_NUM,ROOM_CONTENT,ROOM_ADDRESS1,ROOM_ADDRESS2,ROOM_THEME) values (20,3,'갈매기호텔','404','흡연가능한 방입니다','인천광역시','소래포구','추억');
Insert into OB.OBHOTEL_ROOM (ID,ROOM_TYPE_ID,ROOM_NAME,ROOM_NUM,ROOM_CONTENT,ROOM_ADDRESS1,ROOM_ADDRESS2,ROOM_THEME) values (21,2,'하늘아래팬션','진달래','진달래향기와 함께하는 편안한 숙소','인천광역시','소래포구','사랑');
Insert into OB.OBHOTEL_ROOM (ID,ROOM_TYPE_ID,ROOM_NAME,ROOM_NUM,ROOM_CONTENT,ROOM_ADDRESS1,ROOM_ADDRESS2,ROOM_THEME) values (22,2,'하늘아래팬션','민들레','민들레를 좋아합니까 함께해요','인천광역시','소래포구','낭만');
Insert into OB.OBHOTEL_ROOM (ID,ROOM_TYPE_ID,ROOM_NAME,ROOM_NUM,ROOM_CONTENT,ROOM_ADDRESS1,ROOM_ADDRESS2,ROOM_THEME) values (23,5,'하늘아래팬션','국화','국화빵 국화빵','인천광역시','소래포구','풍경');
Insert into OB.OBHOTEL_ROOM (ID,ROOM_TYPE_ID,ROOM_NAME,ROOM_NUM,ROOM_CONTENT,ROOM_ADDRESS1,ROOM_ADDRESS2,ROOM_THEME) values (24,6,'하늘아래팬션','장미','장미장미 빨간장미','인천광역시','소래포구','여행');
REM INSERTING into OB.OBHOTEL_ROOM_EVAL
SET DEFINE OFF;
REM INSERTING into OB.OBHOTEL_ROOM_FILE
SET DEFINE OFF;
Insert into OB.OBHOTEL_ROOM_FILE (ID,ROOM_TYPE_ID,FILENAME) values (1,1,'standard1.jpg');
Insert into OB.OBHOTEL_ROOM_FILE (ID,ROOM_TYPE_ID,FILENAME) values (2,1,'standard2.jpg');
Insert into OB.OBHOTEL_ROOM_FILE (ID,ROOM_TYPE_ID,FILENAME) values (3,1,'standard3.jpg');
Insert into OB.OBHOTEL_ROOM_FILE (ID,ROOM_TYPE_ID,FILENAME) values (4,2,'deluxe1.jpg');
Insert into OB.OBHOTEL_ROOM_FILE (ID,ROOM_TYPE_ID,FILENAME) values (5,2,'deluxe2.jpg');
Insert into OB.OBHOTEL_ROOM_FILE (ID,ROOM_TYPE_ID,FILENAME) values (6,2,'deluxe3.jpg');
Insert into OB.OBHOTEL_ROOM_FILE (ID,ROOM_TYPE_ID,FILENAME) values (7,3,'twin-deluxe1.jpg');
Insert into OB.OBHOTEL_ROOM_FILE (ID,ROOM_TYPE_ID,FILENAME) values (8,3,'twin-deluxe2.jpg');
Insert into OB.OBHOTEL_ROOM_FILE (ID,ROOM_TYPE_ID,FILENAME) values (9,3,'twin-deluxe3.jpg');
Insert into OB.OBHOTEL_ROOM_FILE (ID,ROOM_TYPE_ID,FILENAME) values (10,4,'superior1.jpg');
Insert into OB.OBHOTEL_ROOM_FILE (ID,ROOM_TYPE_ID,FILENAME) values (11,4,'superior2.jpg');
Insert into OB.OBHOTEL_ROOM_FILE (ID,ROOM_TYPE_ID,FILENAME) values (12,4,'superior3.jpg');
Insert into OB.OBHOTEL_ROOM_FILE (ID,ROOM_TYPE_ID,FILENAME) values (13,5,'luxury1.jpg');
Insert into OB.OBHOTEL_ROOM_FILE (ID,ROOM_TYPE_ID,FILENAME) values (14,5,'luxury2.jpg');
Insert into OB.OBHOTEL_ROOM_FILE (ID,ROOM_TYPE_ID,FILENAME) values (15,5,'luxury3.jpg');
Insert into OB.OBHOTEL_ROOM_FILE (ID,ROOM_TYPE_ID,FILENAME) values (16,6,'someday1.jpg');
Insert into OB.OBHOTEL_ROOM_FILE (ID,ROOM_TYPE_ID,FILENAME) values (17,6,'someday2.jpg');
Insert into OB.OBHOTEL_ROOM_FILE (ID,ROOM_TYPE_ID,FILENAME) values (18,6,'someday3.jpg');
REM INSERTING into OB.OBHOTEL_ROOM_TYPE
SET DEFINE OFF;
Insert into OB.OBHOTEL_ROOM_TYPE (ID,ROOM_TYPE,MAX_PAX,COST) values (1,'Standard',2,10);
Insert into OB.OBHOTEL_ROOM_TYPE (ID,ROOM_TYPE,MAX_PAX,COST) values (2,'Deluxe',2,20);
Insert into OB.OBHOTEL_ROOM_TYPE (ID,ROOM_TYPE,MAX_PAX,COST) values (3,'DeluxeTwin',4,30);
Insert into OB.OBHOTEL_ROOM_TYPE (ID,ROOM_TYPE,MAX_PAX,COST) values (4,'Premium',6,40);
Insert into OB.OBHOTEL_ROOM_TYPE (ID,ROOM_TYPE,MAX_PAX,COST) values (5,'Family Room',8,50);
Insert into OB.OBHOTEL_ROOM_TYPE (ID,ROOM_TYPE,MAX_PAX,COST) values (6,'Party Room',10,80);
REM INSERTING into OB.OBHOTEL_USER
SET DEFINE OFF;
Insert into OB.OBHOTEL_USER (ID,ACCOUNT,PASSWORD,NICKNAME,BIRTHDAY,ZIPCODE,ADDRESS1,ADDRESS2,EMAIL,E_CONFIRM,TEL) values (77,'user76','1234','사용자76',to_date('99/11/01','RR/MM/DD'),'82656','주소x76','주소76','user76@gmail.com',0,'00000000011');
Insert into OB.OBHOTEL_USER (ID,ACCOUNT,PASSWORD,NICKNAME,BIRTHDAY,ZIPCODE,ADDRESS1,ADDRESS2,EMAIL,E_CONFIRM,TEL) values (78,'user77','1234','사용자77',to_date('99/01/01','RR/MM/DD'),'6112','주소x77','주소77','user77@gmail.com',0,'00000000011');
Insert into OB.OBHOTEL_USER (ID,ACCOUNT,PASSWORD,NICKNAME,BIRTHDAY,ZIPCODE,ADDRESS1,ADDRESS2,EMAIL,E_CONFIRM,TEL) values (79,'user78','1234','사용자78',to_date('99/02/01','RR/MM/DD'),'29568','주소x78','주소78','user78@gmail.com',0,'00000000011');
Insert into OB.OBHOTEL_USER (ID,ACCOUNT,PASSWORD,NICKNAME,BIRTHDAY,ZIPCODE,ADDRESS1,ADDRESS2,EMAIL,E_CONFIRM,TEL) values (80,'user79','1234','사용자79',to_date('99/03/01','RR/MM/DD'),'53024','주소x79','주소79','user79@gmail.com',0,'00000000011');
Insert into OB.OBHOTEL_USER (ID,ACCOUNT,PASSWORD,NICKNAME,BIRTHDAY,ZIPCODE,ADDRESS1,ADDRESS2,EMAIL,E_CONFIRM,TEL) values (81,'user80','1234','사용자80',to_date('99/04/01','RR/MM/DD'),'76480','주소x80','주소80','user80@gmail.com',0,'00000000011');
Insert into OB.OBHOTEL_USER (ID,ACCOUNT,PASSWORD,NICKNAME,BIRTHDAY,ZIPCODE,ADDRESS1,ADDRESS2,EMAIL,E_CONFIRM,TEL) values (82,'user81','1234','사용자81',to_date('99/05/01','RR/MM/DD'),'99936','주소x81','주소81','user81@gmail.com',0,'00000000011');
Insert into OB.OBHOTEL_USER (ID,ACCOUNT,PASSWORD,NICKNAME,BIRTHDAY,ZIPCODE,ADDRESS1,ADDRESS2,EMAIL,E_CONFIRM,TEL) values (83,'user82','1234','사용자82',to_date('99/06/01','RR/MM/DD'),'23392','주소x82','주소82','user82@gmail.com',0,'00000000011');
Insert into OB.OBHOTEL_USER (ID,ACCOUNT,PASSWORD,NICKNAME,BIRTHDAY,ZIPCODE,ADDRESS1,ADDRESS2,EMAIL,E_CONFIRM,TEL) values (84,'user83','1234','사용자83',to_date('99/07/01','RR/MM/DD'),'46848','주소x83','주소83','user83@gmail.com',0,'00000000011');
Insert into OB.OBHOTEL_USER (ID,ACCOUNT,PASSWORD,NICKNAME,BIRTHDAY,ZIPCODE,ADDRESS1,ADDRESS2,EMAIL,E_CONFIRM,TEL) values (85,'user84','1234','사용자84',to_date('99/08/01','RR/MM/DD'),'70304','주소x84','주소84','user84@gmail.com',0,'00000000011');
Insert into OB.OBHOTEL_USER (ID,ACCOUNT,PASSWORD,NICKNAME,BIRTHDAY,ZIPCODE,ADDRESS1,ADDRESS2,EMAIL,E_CONFIRM,TEL) values (86,'user85','1234','사용자85',to_date('99/09/01','RR/MM/DD'),'93760','주소x85','주소85','user85@gmail.com',0,'00000000011');
Insert into OB.OBHOTEL_USER (ID,ACCOUNT,PASSWORD,NICKNAME,BIRTHDAY,ZIPCODE,ADDRESS1,ADDRESS2,EMAIL,E_CONFIRM,TEL) values (87,'user86','1234','사용자86',to_date('99/10/01','RR/MM/DD'),'17216','주소x86','주소86','user86@gmail.com',0,'00000000011');
Insert into OB.OBHOTEL_USER (ID,ACCOUNT,PASSWORD,NICKNAME,BIRTHDAY,ZIPCODE,ADDRESS1,ADDRESS2,EMAIL,E_CONFIRM,TEL) values (88,'user87','1234','사용자87',to_date('99/11/01','RR/MM/DD'),'40672','주소x87','주소87','user87@gmail.com',0,'00000000011');
Insert into OB.OBHOTEL_USER (ID,ACCOUNT,PASSWORD,NICKNAME,BIRTHDAY,ZIPCODE,ADDRESS1,ADDRESS2,EMAIL,E_CONFIRM,TEL) values (89,'user88','1234','사용자88',to_date('99/01/01','RR/MM/DD'),'64128','주소x88','주소88','user88@gmail.com',0,'00000000011');
Insert into OB.OBHOTEL_USER (ID,ACCOUNT,PASSWORD,NICKNAME,BIRTHDAY,ZIPCODE,ADDRESS1,ADDRESS2,EMAIL,E_CONFIRM,TEL) values (90,'user89','1234','사용자89',to_date('99/02/01','RR/MM/DD'),'87584','주소x89','주소89','user89@gmail.com',0,'00000000011');
Insert into OB.OBHOTEL_USER (ID,ACCOUNT,PASSWORD,NICKNAME,BIRTHDAY,ZIPCODE,ADDRESS1,ADDRESS2,EMAIL,E_CONFIRM,TEL) values (91,'user90','1234','사용자90',to_date('99/03/01','RR/MM/DD'),'11040','주소x90','주소90','user90@gmail.com',0,'00000000011');
Insert into OB.OBHOTEL_USER (ID,ACCOUNT,PASSWORD,NICKNAME,BIRTHDAY,ZIPCODE,ADDRESS1,ADDRESS2,EMAIL,E_CONFIRM,TEL) values (92,'user91','1234','사용자91',to_date('99/04/01','RR/MM/DD'),'34496','주소x91','주소91','user91@gmail.com',0,'00000000011');
Insert into OB.OBHOTEL_USER (ID,ACCOUNT,PASSWORD,NICKNAME,BIRTHDAY,ZIPCODE,ADDRESS1,ADDRESS2,EMAIL,E_CONFIRM,TEL) values (93,'user92','1234','사용자92',to_date('99/05/01','RR/MM/DD'),'57952','주소x92','주소92','user92@gmail.com',0,'00000000011');
Insert into OB.OBHOTEL_USER (ID,ACCOUNT,PASSWORD,NICKNAME,BIRTHDAY,ZIPCODE,ADDRESS1,ADDRESS2,EMAIL,E_CONFIRM,TEL) values (94,'user93','1234','사용자93',to_date('99/06/01','RR/MM/DD'),'81408','주소x93','주소93','user93@gmail.com',0,'00000000011');
Insert into OB.OBHOTEL_USER (ID,ACCOUNT,PASSWORD,NICKNAME,BIRTHDAY,ZIPCODE,ADDRESS1,ADDRESS2,EMAIL,E_CONFIRM,TEL) values (95,'user94','1234','사용자94',to_date('99/07/01','RR/MM/DD'),'4864','주소x94','주소94','user94@gmail.com',0,'00000000011');
Insert into OB.OBHOTEL_USER (ID,ACCOUNT,PASSWORD,NICKNAME,BIRTHDAY,ZIPCODE,ADDRESS1,ADDRESS2,EMAIL,E_CONFIRM,TEL) values (96,'user95','1234','사용자95',to_date('99/08/01','RR/MM/DD'),'28320','주소x95','주소95','user95@gmail.com',0,'00000000011');
Insert into OB.OBHOTEL_USER (ID,ACCOUNT,PASSWORD,NICKNAME,BIRTHDAY,ZIPCODE,ADDRESS1,ADDRESS2,EMAIL,E_CONFIRM,TEL) values (97,'user96','1234','사용자96',to_date('99/09/01','RR/MM/DD'),'51776','주소x96','주소96','user96@gmail.com',0,'00000000011');
Insert into OB.OBHOTEL_USER (ID,ACCOUNT,PASSWORD,NICKNAME,BIRTHDAY,ZIPCODE,ADDRESS1,ADDRESS2,EMAIL,E_CONFIRM,TEL) values (98,'user97','1234','사용자97',to_date('99/10/01','RR/MM/DD'),'75232','주소x97','주소97','user97@gmail.com',0,'00000000011');
Insert into OB.OBHOTEL_USER (ID,ACCOUNT,PASSWORD,NICKNAME,BIRTHDAY,ZIPCODE,ADDRESS1,ADDRESS2,EMAIL,E_CONFIRM,TEL) values (99,'user98','1234','사용자98',to_date('99/11/01','RR/MM/DD'),'98688','주소x98','주소98','user98@gmail.com',0,'00000000011');
Insert into OB.OBHOTEL_USER (ID,ACCOUNT,PASSWORD,NICKNAME,BIRTHDAY,ZIPCODE,ADDRESS1,ADDRESS2,EMAIL,E_CONFIRM,TEL) values (100,'user99','1234','사용자99',to_date('99/01/01','RR/MM/DD'),'22144','주소x99','주소99','user99@gmail.com',0,'00000000011');
Insert into OB.OBHOTEL_USER (ID,ACCOUNT,PASSWORD,NICKNAME,BIRTHDAY,ZIPCODE,ADDRESS1,ADDRESS2,EMAIL,E_CONFIRM,TEL) values (124,'user01','123','user',to_date('11/11/11','RR/MM/DD'),'1111','서울','구로구','test@test.com',1,'02-111-1111');
Insert into OB.OBHOTEL_USER (ID,ACCOUNT,PASSWORD,NICKNAME,BIRTHDAY,ZIPCODE,ADDRESS1,ADDRESS2,EMAIL,E_CONFIRM,TEL) values (143,'1','1','11',to_date('90/01/01','RR/MM/DD'),'1','1','1','1',0,'11');
Insert into OB.OBHOTEL_USER (ID,ACCOUNT,PASSWORD,NICKNAME,BIRTHDAY,ZIPCODE,ADDRESS1,ADDRESS2,EMAIL,E_CONFIRM,TEL) values (144,'bob','1234','BOB',to_date('80/01/12','RR/MM/DD'),'06280','서울 강남구 남부순환로 2911 (대치동)','123','bob@email.com',0,'123456');
Insert into OB.OBHOTEL_USER (ID,ACCOUNT,PASSWORD,NICKNAME,BIRTHDAY,ZIPCODE,ADDRESS1,ADDRESS2,EMAIL,E_CONFIRM,TEL) values (145,'1','1','1',to_date('90/01/01','RR/MM/DD'),'1','1','1','1',0,'1');
Insert into OB.OBHOTEL_USER (ID,ACCOUNT,PASSWORD,NICKNAME,BIRTHDAY,ZIPCODE,ADDRESS1,ADDRESS2,EMAIL,E_CONFIRM,TEL) values (147,'zxz1231','123123a','김재현',to_date('91/04/22','RR/MM/DD'),'158822','서울시','마포구','zxz1231@naver.com',0,'01043224285');
Insert into OB.OBHOTEL_USER (ID,ACCOUNT,PASSWORD,NICKNAME,BIRTHDAY,ZIPCODE,ADDRESS1,ADDRESS2,EMAIL,E_CONFIRM,TEL) values (168,'six6929','1234','신원효',to_date('94/08/28','RR/MM/DD'),'156999','서울시','강남구 대치동','six6929@naver.com',0,'01035166929');
Insert into OB.OBHOTEL_USER (ID,ACCOUNT,PASSWORD,NICKNAME,BIRTHDAY,ZIPCODE,ADDRESS1,ADDRESS2,EMAIL,E_CONFIRM,TEL) values (178,'dongwuhuh','1234','허동우',to_date('93/01/25','RR/MM/DD'),'00000','서울시','영등포구','dongwu.huh@gmail.com',0,'01011111111');
Insert into OB.OBHOTEL_USER (ID,ACCOUNT,PASSWORD,NICKNAME,BIRTHDAY,ZIPCODE,ADDRESS1,ADDRESS2,EMAIL,E_CONFIRM,TEL) values (183,'민성','1234','민성',to_date('92/01/29','RR/MM/DD'),'000000','서울시','마포구','test@test.com',1,'01000000000');
Insert into OB.OBHOTEL_USER (ID,ACCOUNT,PASSWORD,NICKNAME,BIRTHDAY,ZIPCODE,ADDRESS1,ADDRESS2,EMAIL,E_CONFIRM,TEL) values (185,'yyyy','1234','홍길동',to_date('90/09/09','RR/MM/DD'),'000000','서울시','마포구','test@test.com',0,'01012345678');
Insert into OB.OBHOTEL_USER (ID,ACCOUNT,PASSWORD,NICKNAME,BIRTHDAY,ZIPCODE,ADDRESS1,ADDRESS2,EMAIL,E_CONFIRM,TEL) values (186,'yyyy','1234','홍길동',to_date('90/09/09','RR/MM/DD'),'000000','서울시','마포구','test@test.com',0,'01012345678');
Insert into OB.OBHOTEL_USER (ID,ACCOUNT,PASSWORD,NICKNAME,BIRTHDAY,ZIPCODE,ADDRESS1,ADDRESS2,EMAIL,E_CONFIRM,TEL) values (205,'sam548','1234','한정택',to_date('91/12/08','RR/MM/DD'),'407000','인천','인천','tttck88@gmail.com',0,'01088840249');
Insert into OB.OBHOTEL_USER (ID,ACCOUNT,PASSWORD,NICKNAME,BIRTHDAY,ZIPCODE,ADDRESS1,ADDRESS2,EMAIL,E_CONFIRM,TEL) values (118,'drumline309','1234','김대훈',to_date('89/02/19','RR/MM/DD'),'12013','서울','서대문구','drumline309@naver.com',0,'01056984182');
Insert into OB.OBHOTEL_USER (ID,ACCOUNT,PASSWORD,NICKNAME,BIRTHDAY,ZIPCODE,ADDRESS1,ADDRESS2,EMAIL,E_CONFIRM,TEL) values (181,'root','1234','김재현',to_date('91/04/22','RR/MM/DD'),'156666','서울특별시','마포구','test@test.com',0,'01043224285');
Insert into OB.OBHOTEL_USER (ID,ACCOUNT,PASSWORD,NICKNAME,BIRTHDAY,ZIPCODE,ADDRESS1,ADDRESS2,EMAIL,E_CONFIRM,TEL) values (182,'vvv','1234','딸기',to_date('91/04/22','RR/MM/DD'),'111111','서울특별시','마포구','test03@test.com',0,'01000000000');
Insert into OB.OBHOTEL_USER (ID,ACCOUNT,PASSWORD,NICKNAME,BIRTHDAY,ZIPCODE,ADDRESS1,ADDRESS2,EMAIL,E_CONFIRM,TEL) values (202,'uuuuu','123','테스터',to_date('90/01/02','RR/MM/DD'),'159999','서울시','마포구','test@test.com',0,'01012345678');
Insert into OB.OBHOTEL_USER (ID,ACCOUNT,PASSWORD,NICKNAME,BIRTHDAY,ZIPCODE,ADDRESS1,ADDRESS2,EMAIL,E_CONFIRM,TEL) values (204,'gogo','1234','고고',to_date('90/01/01','RR/MM/DD'),'111111','서울시','마포구','gogo@gogo.com',1,'01011111111');
Insert into OB.OBHOTEL_USER (ID,ACCOUNT,PASSWORD,NICKNAME,BIRTHDAY,ZIPCODE,ADDRESS1,ADDRESS2,EMAIL,E_CONFIRM,TEL) values (123,'kim','1234','훈',to_date('89/12/22','RR/MM/DD'),'11234','부산광역시','중구','test@test.com',0,'01012341234');
Insert into OB.OBHOTEL_USER (ID,ACCOUNT,PASSWORD,NICKNAME,BIRTHDAY,ZIPCODE,ADDRESS1,ADDRESS2,EMAIL,E_CONFIRM,TEL) values (162,'1','1','1',to_date('00/01/01','RR/MM/DD'),'1','1','1','1',0,'1');
Insert into OB.OBHOTEL_USER (ID,ACCOUNT,PASSWORD,NICKNAME,BIRTHDAY,ZIPCODE,ADDRESS1,ADDRESS2,EMAIL,E_CONFIRM,TEL) values (163,'dean','1234','dean',to_date('90/11/11','RR/MM/DD'),'12345','서울시','구로구','test@test.com',0,'0101111111');
Insert into OB.OBHOTEL_USER (ID,ACCOUNT,PASSWORD,NICKNAME,BIRTHDAY,ZIPCODE,ADDRESS1,ADDRESS2,EMAIL,E_CONFIRM,TEL) values (166,'olola','1234','오로라',to_date('90/12/12','RR/MM/DD'),'08355','서울시','마포구','test@test',0,'01012341234');
Insert into OB.OBHOTEL_USER (ID,ACCOUNT,PASSWORD,NICKNAME,BIRTHDAY,ZIPCODE,ADDRESS1,ADDRESS2,EMAIL,E_CONFIRM,TEL) values (1,'admin','1234','admin',to_date('18/11/06','RR/MM/DD'),'12345','서울시','마포구 노고산동','admin@obhotel.com',0,'01012345678');
Insert into OB.OBHOTEL_USER (ID,ACCOUNT,PASSWORD,NICKNAME,BIRTHDAY,ZIPCODE,ADDRESS1,ADDRESS2,EMAIL,E_CONFIRM,TEL) values (2,'user1','1234','김수완',to_date('99/02/01','RR/MM/DD'),'23456','주소x1','주소1','user1@gmail.com',0,'00000000011');
Insert into OB.OBHOTEL_USER (ID,ACCOUNT,PASSWORD,NICKNAME,BIRTHDAY,ZIPCODE,ADDRESS1,ADDRESS2,EMAIL,E_CONFIRM,TEL) values (3,'user2','1234','사용자2',to_date('99/03/01','RR/MM/DD'),'46912','주소x2','주소2','user2@gmail.com',0,'00000000011');
Insert into OB.OBHOTEL_USER (ID,ACCOUNT,PASSWORD,NICKNAME,BIRTHDAY,ZIPCODE,ADDRESS1,ADDRESS2,EMAIL,E_CONFIRM,TEL) values (4,'user3','1234','사용자3',to_date('99/04/01','RR/MM/DD'),'70368','주소x3','주소3','user3@gmail.com',0,'00000000011');
Insert into OB.OBHOTEL_USER (ID,ACCOUNT,PASSWORD,NICKNAME,BIRTHDAY,ZIPCODE,ADDRESS1,ADDRESS2,EMAIL,E_CONFIRM,TEL) values (5,'user4','1234','사용자4',to_date('99/05/01','RR/MM/DD'),'93824','주소x4','주소4','user4@gmail.com',0,'00000000011');
Insert into OB.OBHOTEL_USER (ID,ACCOUNT,PASSWORD,NICKNAME,BIRTHDAY,ZIPCODE,ADDRESS1,ADDRESS2,EMAIL,E_CONFIRM,TEL) values (6,'user5','1234','사용자5',to_date('99/06/01','RR/MM/DD'),'17280','주소x5','주소5','user5@gmail.com',0,'00000000011');
Insert into OB.OBHOTEL_USER (ID,ACCOUNT,PASSWORD,NICKNAME,BIRTHDAY,ZIPCODE,ADDRESS1,ADDRESS2,EMAIL,E_CONFIRM,TEL) values (7,'user6','1234','사용자6',to_date('99/07/01','RR/MM/DD'),'40736','주소x6','주소6','user6@gmail.com',0,'00000000011');
Insert into OB.OBHOTEL_USER (ID,ACCOUNT,PASSWORD,NICKNAME,BIRTHDAY,ZIPCODE,ADDRESS1,ADDRESS2,EMAIL,E_CONFIRM,TEL) values (8,'user7','1234','사용자7',to_date('99/08/01','RR/MM/DD'),'64192','주소x7','주소7','user7@gmail.com',0,'00000000011');
Insert into OB.OBHOTEL_USER (ID,ACCOUNT,PASSWORD,NICKNAME,BIRTHDAY,ZIPCODE,ADDRESS1,ADDRESS2,EMAIL,E_CONFIRM,TEL) values (9,'user8','1234','사용자8',to_date('99/09/01','RR/MM/DD'),'87648','주소x8','주소8','user8@gmail.com',0,'00000000011');
Insert into OB.OBHOTEL_USER (ID,ACCOUNT,PASSWORD,NICKNAME,BIRTHDAY,ZIPCODE,ADDRESS1,ADDRESS2,EMAIL,E_CONFIRM,TEL) values (10,'user9','1234','사용자9',to_date('99/10/01','RR/MM/DD'),'11104','주소x9','주소9','user9@gmail.com',0,'00000000011');
Insert into OB.OBHOTEL_USER (ID,ACCOUNT,PASSWORD,NICKNAME,BIRTHDAY,ZIPCODE,ADDRESS1,ADDRESS2,EMAIL,E_CONFIRM,TEL) values (11,'user10','1234','사용자10',to_date('99/11/01','RR/MM/DD'),'34560','주소x10','주소10','user10@gmail.com',0,'00000000011');
Insert into OB.OBHOTEL_USER (ID,ACCOUNT,PASSWORD,NICKNAME,BIRTHDAY,ZIPCODE,ADDRESS1,ADDRESS2,EMAIL,E_CONFIRM,TEL) values (12,'user11','1234','사용자11',to_date('99/01/01','RR/MM/DD'),'58016','주소x11','주소11','user11@gmail.com',0,'00000000011');
Insert into OB.OBHOTEL_USER (ID,ACCOUNT,PASSWORD,NICKNAME,BIRTHDAY,ZIPCODE,ADDRESS1,ADDRESS2,EMAIL,E_CONFIRM,TEL) values (13,'user12','1234','사용자12',to_date('99/02/01','RR/MM/DD'),'81472','주소x12','주소12','user12@gmail.com',0,'00000000011');
Insert into OB.OBHOTEL_USER (ID,ACCOUNT,PASSWORD,NICKNAME,BIRTHDAY,ZIPCODE,ADDRESS1,ADDRESS2,EMAIL,E_CONFIRM,TEL) values (14,'user13','1234','사용자13',to_date('99/03/01','RR/MM/DD'),'4928','주소x13','주소13','user13@gmail.com',0,'00000000011');
Insert into OB.OBHOTEL_USER (ID,ACCOUNT,PASSWORD,NICKNAME,BIRTHDAY,ZIPCODE,ADDRESS1,ADDRESS2,EMAIL,E_CONFIRM,TEL) values (15,'user14','1234','사용자14',to_date('99/04/01','RR/MM/DD'),'28384','주소x14','주소14','user14@gmail.com',0,'00000000011');
Insert into OB.OBHOTEL_USER (ID,ACCOUNT,PASSWORD,NICKNAME,BIRTHDAY,ZIPCODE,ADDRESS1,ADDRESS2,EMAIL,E_CONFIRM,TEL) values (16,'user15','1234','사용자15',to_date('99/05/01','RR/MM/DD'),'51840','주소x15','주소15','user15@gmail.com',0,'00000000011');
Insert into OB.OBHOTEL_USER (ID,ACCOUNT,PASSWORD,NICKNAME,BIRTHDAY,ZIPCODE,ADDRESS1,ADDRESS2,EMAIL,E_CONFIRM,TEL) values (17,'user16','1234','사용자16',to_date('99/06/01','RR/MM/DD'),'75296','주소x16','주소16','user16@gmail.com',0,'00000000011');
Insert into OB.OBHOTEL_USER (ID,ACCOUNT,PASSWORD,NICKNAME,BIRTHDAY,ZIPCODE,ADDRESS1,ADDRESS2,EMAIL,E_CONFIRM,TEL) values (18,'user17','1234','사용자17',to_date('99/07/01','RR/MM/DD'),'98752','주소x17','주소17','user17@gmail.com',0,'00000000011');
Insert into OB.OBHOTEL_USER (ID,ACCOUNT,PASSWORD,NICKNAME,BIRTHDAY,ZIPCODE,ADDRESS1,ADDRESS2,EMAIL,E_CONFIRM,TEL) values (19,'user18','1234','사용자18',to_date('99/08/01','RR/MM/DD'),'22208','주소x18','주소18','user18@gmail.com',0,'00000000011');
Insert into OB.OBHOTEL_USER (ID,ACCOUNT,PASSWORD,NICKNAME,BIRTHDAY,ZIPCODE,ADDRESS1,ADDRESS2,EMAIL,E_CONFIRM,TEL) values (20,'user19','1234','사용자19',to_date('99/09/01','RR/MM/DD'),'45664','주소x19','주소19','user19@gmail.com',0,'00000000011');
Insert into OB.OBHOTEL_USER (ID,ACCOUNT,PASSWORD,NICKNAME,BIRTHDAY,ZIPCODE,ADDRESS1,ADDRESS2,EMAIL,E_CONFIRM,TEL) values (21,'user20','1234','사용자20',to_date('99/10/01','RR/MM/DD'),'69120','주소x20','주소20','user20@gmail.com',0,'00000000011');
Insert into OB.OBHOTEL_USER (ID,ACCOUNT,PASSWORD,NICKNAME,BIRTHDAY,ZIPCODE,ADDRESS1,ADDRESS2,EMAIL,E_CONFIRM,TEL) values (22,'user21','1234','사용자21',to_date('99/11/01','RR/MM/DD'),'92576','주소x21','주소21','user21@gmail.com',0,'00000000011');
Insert into OB.OBHOTEL_USER (ID,ACCOUNT,PASSWORD,NICKNAME,BIRTHDAY,ZIPCODE,ADDRESS1,ADDRESS2,EMAIL,E_CONFIRM,TEL) values (23,'user22','1234','사용자22',to_date('99/01/01','RR/MM/DD'),'16032','주소x22','주소22','user22@gmail.com',0,'00000000011');
Insert into OB.OBHOTEL_USER (ID,ACCOUNT,PASSWORD,NICKNAME,BIRTHDAY,ZIPCODE,ADDRESS1,ADDRESS2,EMAIL,E_CONFIRM,TEL) values (24,'user23','1234','사용자23',to_date('99/02/01','RR/MM/DD'),'39488','주소x23','주소23','user23@gmail.com',0,'00000000011');
Insert into OB.OBHOTEL_USER (ID,ACCOUNT,PASSWORD,NICKNAME,BIRTHDAY,ZIPCODE,ADDRESS1,ADDRESS2,EMAIL,E_CONFIRM,TEL) values (25,'user24','1234','사용자24',to_date('99/03/01','RR/MM/DD'),'62944','주소x24','주소24','user24@gmail.com',0,'00000000011');
Insert into OB.OBHOTEL_USER (ID,ACCOUNT,PASSWORD,NICKNAME,BIRTHDAY,ZIPCODE,ADDRESS1,ADDRESS2,EMAIL,E_CONFIRM,TEL) values (26,'user25','1234','사용자25',to_date('99/04/01','RR/MM/DD'),'86400','주소x25','주소25','user25@gmail.com',0,'00000000011');
Insert into OB.OBHOTEL_USER (ID,ACCOUNT,PASSWORD,NICKNAME,BIRTHDAY,ZIPCODE,ADDRESS1,ADDRESS2,EMAIL,E_CONFIRM,TEL) values (27,'user26','1234','사용자26',to_date('99/05/01','RR/MM/DD'),'9856','주소x26','주소26','user26@gmail.com',0,'00000000011');
Insert into OB.OBHOTEL_USER (ID,ACCOUNT,PASSWORD,NICKNAME,BIRTHDAY,ZIPCODE,ADDRESS1,ADDRESS2,EMAIL,E_CONFIRM,TEL) values (28,'user27','1234','사용자27',to_date('99/06/01','RR/MM/DD'),'33312','주소x27','주소27','user27@gmail.com',0,'00000000011');
Insert into OB.OBHOTEL_USER (ID,ACCOUNT,PASSWORD,NICKNAME,BIRTHDAY,ZIPCODE,ADDRESS1,ADDRESS2,EMAIL,E_CONFIRM,TEL) values (29,'user28','1234','사용자28',to_date('99/07/01','RR/MM/DD'),'56768','주소x28','주소28','user28@gmail.com',0,'00000000011');
Insert into OB.OBHOTEL_USER (ID,ACCOUNT,PASSWORD,NICKNAME,BIRTHDAY,ZIPCODE,ADDRESS1,ADDRESS2,EMAIL,E_CONFIRM,TEL) values (30,'user29','1234','사용자29',to_date('99/08/01','RR/MM/DD'),'80224','주소x29','주소29','user29@gmail.com',0,'00000000011');
Insert into OB.OBHOTEL_USER (ID,ACCOUNT,PASSWORD,NICKNAME,BIRTHDAY,ZIPCODE,ADDRESS1,ADDRESS2,EMAIL,E_CONFIRM,TEL) values (31,'user30','1234','사용자30',to_date('99/09/01','RR/MM/DD'),'3680','주소x30','주소30','user30@gmail.com',0,'00000000011');
Insert into OB.OBHOTEL_USER (ID,ACCOUNT,PASSWORD,NICKNAME,BIRTHDAY,ZIPCODE,ADDRESS1,ADDRESS2,EMAIL,E_CONFIRM,TEL) values (32,'user31','1234','사용자31',to_date('99/10/01','RR/MM/DD'),'27136','주소x31','주소31','user31@gmail.com',0,'00000000011');
Insert into OB.OBHOTEL_USER (ID,ACCOUNT,PASSWORD,NICKNAME,BIRTHDAY,ZIPCODE,ADDRESS1,ADDRESS2,EMAIL,E_CONFIRM,TEL) values (33,'user32','1234','사용자32',to_date('99/11/01','RR/MM/DD'),'50592','주소x32','주소32','user32@gmail.com',0,'00000000011');
Insert into OB.OBHOTEL_USER (ID,ACCOUNT,PASSWORD,NICKNAME,BIRTHDAY,ZIPCODE,ADDRESS1,ADDRESS2,EMAIL,E_CONFIRM,TEL) values (34,'user33','1234','사용자33',to_date('99/01/01','RR/MM/DD'),'74048','주소x33','주소33','user33@gmail.com',0,'00000000011');
Insert into OB.OBHOTEL_USER (ID,ACCOUNT,PASSWORD,NICKNAME,BIRTHDAY,ZIPCODE,ADDRESS1,ADDRESS2,EMAIL,E_CONFIRM,TEL) values (35,'user34','1234','사용자34',to_date('99/02/01','RR/MM/DD'),'97504','주소x34','주소34','user34@gmail.com',0,'00000000011');
Insert into OB.OBHOTEL_USER (ID,ACCOUNT,PASSWORD,NICKNAME,BIRTHDAY,ZIPCODE,ADDRESS1,ADDRESS2,EMAIL,E_CONFIRM,TEL) values (36,'user35','1234','사용자35',to_date('99/03/01','RR/MM/DD'),'20960','주소x35','주소35','user35@gmail.com',0,'00000000011');
Insert into OB.OBHOTEL_USER (ID,ACCOUNT,PASSWORD,NICKNAME,BIRTHDAY,ZIPCODE,ADDRESS1,ADDRESS2,EMAIL,E_CONFIRM,TEL) values (37,'user36','1234','사용자36',to_date('99/04/01','RR/MM/DD'),'44416','주소x36','주소36','user36@gmail.com',0,'00000000011');
Insert into OB.OBHOTEL_USER (ID,ACCOUNT,PASSWORD,NICKNAME,BIRTHDAY,ZIPCODE,ADDRESS1,ADDRESS2,EMAIL,E_CONFIRM,TEL) values (38,'user37','1234','사용자37',to_date('99/05/01','RR/MM/DD'),'67872','주소x37','주소37','user37@gmail.com',0,'00000000011');
Insert into OB.OBHOTEL_USER (ID,ACCOUNT,PASSWORD,NICKNAME,BIRTHDAY,ZIPCODE,ADDRESS1,ADDRESS2,EMAIL,E_CONFIRM,TEL) values (39,'user38','1234','사용자38',to_date('99/06/01','RR/MM/DD'),'91328','주소x38','주소38','user38@gmail.com',0,'00000000011');
Insert into OB.OBHOTEL_USER (ID,ACCOUNT,PASSWORD,NICKNAME,BIRTHDAY,ZIPCODE,ADDRESS1,ADDRESS2,EMAIL,E_CONFIRM,TEL) values (40,'user39','1234','사용자39',to_date('99/07/01','RR/MM/DD'),'14784','주소x39','주소39','user39@gmail.com',0,'00000000011');
Insert into OB.OBHOTEL_USER (ID,ACCOUNT,PASSWORD,NICKNAME,BIRTHDAY,ZIPCODE,ADDRESS1,ADDRESS2,EMAIL,E_CONFIRM,TEL) values (41,'user40','1234','사용자40',to_date('99/08/01','RR/MM/DD'),'38240','주소x40','주소40','user40@gmail.com',0,'00000000011');
Insert into OB.OBHOTEL_USER (ID,ACCOUNT,PASSWORD,NICKNAME,BIRTHDAY,ZIPCODE,ADDRESS1,ADDRESS2,EMAIL,E_CONFIRM,TEL) values (42,'user41','1234','사용자41',to_date('99/09/01','RR/MM/DD'),'61696','주소x41','주소41','user41@gmail.com',0,'00000000011');
Insert into OB.OBHOTEL_USER (ID,ACCOUNT,PASSWORD,NICKNAME,BIRTHDAY,ZIPCODE,ADDRESS1,ADDRESS2,EMAIL,E_CONFIRM,TEL) values (43,'user42','1234','사용자42',to_date('99/10/01','RR/MM/DD'),'85152','주소x42','주소42','user42@gmail.com',0,'00000000011');
Insert into OB.OBHOTEL_USER (ID,ACCOUNT,PASSWORD,NICKNAME,BIRTHDAY,ZIPCODE,ADDRESS1,ADDRESS2,EMAIL,E_CONFIRM,TEL) values (44,'user43','1234','사용자43',to_date('99/11/01','RR/MM/DD'),'8608','주소x43','주소43','user43@gmail.com',0,'00000000011');
Insert into OB.OBHOTEL_USER (ID,ACCOUNT,PASSWORD,NICKNAME,BIRTHDAY,ZIPCODE,ADDRESS1,ADDRESS2,EMAIL,E_CONFIRM,TEL) values (45,'user44','1234','사용자44',to_date('99/01/01','RR/MM/DD'),'32064','주소x44','주소44','user44@gmail.com',0,'00000000011');
Insert into OB.OBHOTEL_USER (ID,ACCOUNT,PASSWORD,NICKNAME,BIRTHDAY,ZIPCODE,ADDRESS1,ADDRESS2,EMAIL,E_CONFIRM,TEL) values (46,'user45','1234','사용자45',to_date('99/02/01','RR/MM/DD'),'55520','주소x45','주소45','user45@gmail.com',0,'00000000011');
Insert into OB.OBHOTEL_USER (ID,ACCOUNT,PASSWORD,NICKNAME,BIRTHDAY,ZIPCODE,ADDRESS1,ADDRESS2,EMAIL,E_CONFIRM,TEL) values (47,'user46','1234','사용자46',to_date('99/03/01','RR/MM/DD'),'78976','주소x46','주소46','user46@gmail.com',0,'00000000011');
Insert into OB.OBHOTEL_USER (ID,ACCOUNT,PASSWORD,NICKNAME,BIRTHDAY,ZIPCODE,ADDRESS1,ADDRESS2,EMAIL,E_CONFIRM,TEL) values (48,'user47','1234','사용자47',to_date('99/04/01','RR/MM/DD'),'2432','주소x47','주소47','user47@gmail.com',0,'00000000011');
Insert into OB.OBHOTEL_USER (ID,ACCOUNT,PASSWORD,NICKNAME,BIRTHDAY,ZIPCODE,ADDRESS1,ADDRESS2,EMAIL,E_CONFIRM,TEL) values (49,'user48','1234','사용자48',to_date('99/05/01','RR/MM/DD'),'25888','주소x48','주소48','user48@gmail.com',0,'00000000011');
Insert into OB.OBHOTEL_USER (ID,ACCOUNT,PASSWORD,NICKNAME,BIRTHDAY,ZIPCODE,ADDRESS1,ADDRESS2,EMAIL,E_CONFIRM,TEL) values (50,'user49','1234','사용자49',to_date('99/06/01','RR/MM/DD'),'49344','주소x49','주소49','user49@gmail.com',0,'00000000011');
Insert into OB.OBHOTEL_USER (ID,ACCOUNT,PASSWORD,NICKNAME,BIRTHDAY,ZIPCODE,ADDRESS1,ADDRESS2,EMAIL,E_CONFIRM,TEL) values (51,'user50','1234','사용자50',to_date('99/07/01','RR/MM/DD'),'72800','주소x50','주소50','user50@gmail.com',0,'00000000011');
Insert into OB.OBHOTEL_USER (ID,ACCOUNT,PASSWORD,NICKNAME,BIRTHDAY,ZIPCODE,ADDRESS1,ADDRESS2,EMAIL,E_CONFIRM,TEL) values (52,'user51','1234','사용자51',to_date('99/08/01','RR/MM/DD'),'96256','주소x51','주소51','user51@gmail.com',0,'00000000011');
Insert into OB.OBHOTEL_USER (ID,ACCOUNT,PASSWORD,NICKNAME,BIRTHDAY,ZIPCODE,ADDRESS1,ADDRESS2,EMAIL,E_CONFIRM,TEL) values (53,'user52','1234','사용자52',to_date('99/09/01','RR/MM/DD'),'19712','주소x52','주소52','user52@gmail.com',0,'00000000011');
Insert into OB.OBHOTEL_USER (ID,ACCOUNT,PASSWORD,NICKNAME,BIRTHDAY,ZIPCODE,ADDRESS1,ADDRESS2,EMAIL,E_CONFIRM,TEL) values (54,'user53','1234','사용자53',to_date('99/10/01','RR/MM/DD'),'43168','주소x53','주소53','user53@gmail.com',0,'00000000011');
Insert into OB.OBHOTEL_USER (ID,ACCOUNT,PASSWORD,NICKNAME,BIRTHDAY,ZIPCODE,ADDRESS1,ADDRESS2,EMAIL,E_CONFIRM,TEL) values (55,'user54','1234','사용자54',to_date('99/11/01','RR/MM/DD'),'66624','주소x54','주소54','user54@gmail.com',0,'00000000011');
Insert into OB.OBHOTEL_USER (ID,ACCOUNT,PASSWORD,NICKNAME,BIRTHDAY,ZIPCODE,ADDRESS1,ADDRESS2,EMAIL,E_CONFIRM,TEL) values (56,'user55','1234','사용자55',to_date('99/01/01','RR/MM/DD'),'90080','주소x55','주소55','user55@gmail.com',0,'00000000011');
Insert into OB.OBHOTEL_USER (ID,ACCOUNT,PASSWORD,NICKNAME,BIRTHDAY,ZIPCODE,ADDRESS1,ADDRESS2,EMAIL,E_CONFIRM,TEL) values (57,'user56','1234','사용자56',to_date('99/02/01','RR/MM/DD'),'13536','주소x56','주소56','user56@gmail.com',0,'00000000011');
Insert into OB.OBHOTEL_USER (ID,ACCOUNT,PASSWORD,NICKNAME,BIRTHDAY,ZIPCODE,ADDRESS1,ADDRESS2,EMAIL,E_CONFIRM,TEL) values (58,'user57','1234','사용자57',to_date('99/03/01','RR/MM/DD'),'36992','주소x57','주소57','user57@gmail.com',0,'00000000011');
Insert into OB.OBHOTEL_USER (ID,ACCOUNT,PASSWORD,NICKNAME,BIRTHDAY,ZIPCODE,ADDRESS1,ADDRESS2,EMAIL,E_CONFIRM,TEL) values (59,'user58','1234','사용자58',to_date('99/04/01','RR/MM/DD'),'60448','주소x58','주소58','user58@gmail.com',0,'00000000011');
Insert into OB.OBHOTEL_USER (ID,ACCOUNT,PASSWORD,NICKNAME,BIRTHDAY,ZIPCODE,ADDRESS1,ADDRESS2,EMAIL,E_CONFIRM,TEL) values (60,'user59','1234','사용자59',to_date('99/05/01','RR/MM/DD'),'83904','주소x59','주소59','user59@gmail.com',0,'00000000011');
Insert into OB.OBHOTEL_USER (ID,ACCOUNT,PASSWORD,NICKNAME,BIRTHDAY,ZIPCODE,ADDRESS1,ADDRESS2,EMAIL,E_CONFIRM,TEL) values (61,'user60','1234','사용자60',to_date('99/06/01','RR/MM/DD'),'7360','주소x60','주소60','user60@gmail.com',0,'00000000011');
Insert into OB.OBHOTEL_USER (ID,ACCOUNT,PASSWORD,NICKNAME,BIRTHDAY,ZIPCODE,ADDRESS1,ADDRESS2,EMAIL,E_CONFIRM,TEL) values (62,'user61','1234','사용자61',to_date('99/07/01','RR/MM/DD'),'30816','주소x61','주소61','user61@gmail.com',0,'00000000011');
Insert into OB.OBHOTEL_USER (ID,ACCOUNT,PASSWORD,NICKNAME,BIRTHDAY,ZIPCODE,ADDRESS1,ADDRESS2,EMAIL,E_CONFIRM,TEL) values (63,'user62','1234','사용자62',to_date('99/08/01','RR/MM/DD'),'54272','주소x62','주소62','user62@gmail.com',0,'00000000011');
Insert into OB.OBHOTEL_USER (ID,ACCOUNT,PASSWORD,NICKNAME,BIRTHDAY,ZIPCODE,ADDRESS1,ADDRESS2,EMAIL,E_CONFIRM,TEL) values (64,'user63','1234','사용자63',to_date('99/09/01','RR/MM/DD'),'77728','주소x63','주소63','user63@gmail.com',0,'00000000011');
Insert into OB.OBHOTEL_USER (ID,ACCOUNT,PASSWORD,NICKNAME,BIRTHDAY,ZIPCODE,ADDRESS1,ADDRESS2,EMAIL,E_CONFIRM,TEL) values (65,'user64','1234','사용자64',to_date('99/10/01','RR/MM/DD'),'1184','주소x64','주소64','user64@gmail.com',0,'00000000011');
Insert into OB.OBHOTEL_USER (ID,ACCOUNT,PASSWORD,NICKNAME,BIRTHDAY,ZIPCODE,ADDRESS1,ADDRESS2,EMAIL,E_CONFIRM,TEL) values (66,'user65','1234','사용자65',to_date('99/11/01','RR/MM/DD'),'24640','주소x65','주소65','user65@gmail.com',0,'00000000011');
Insert into OB.OBHOTEL_USER (ID,ACCOUNT,PASSWORD,NICKNAME,BIRTHDAY,ZIPCODE,ADDRESS1,ADDRESS2,EMAIL,E_CONFIRM,TEL) values (67,'user66','1234','사용자66',to_date('99/01/01','RR/MM/DD'),'48096','주소x66','주소66','user66@gmail.com',0,'00000000011');
Insert into OB.OBHOTEL_USER (ID,ACCOUNT,PASSWORD,NICKNAME,BIRTHDAY,ZIPCODE,ADDRESS1,ADDRESS2,EMAIL,E_CONFIRM,TEL) values (68,'user67','1234','사용자67',to_date('99/02/01','RR/MM/DD'),'71552','주소x67','주소67','user67@gmail.com',0,'00000000011');
Insert into OB.OBHOTEL_USER (ID,ACCOUNT,PASSWORD,NICKNAME,BIRTHDAY,ZIPCODE,ADDRESS1,ADDRESS2,EMAIL,E_CONFIRM,TEL) values (69,'user68','1234','사용자68',to_date('99/03/01','RR/MM/DD'),'95008','주소x68','주소68','user68@gmail.com',0,'00000000011');
Insert into OB.OBHOTEL_USER (ID,ACCOUNT,PASSWORD,NICKNAME,BIRTHDAY,ZIPCODE,ADDRESS1,ADDRESS2,EMAIL,E_CONFIRM,TEL) values (70,'user69','1234','사용자69',to_date('99/04/01','RR/MM/DD'),'18464','주소x69','주소69','user69@gmail.com',0,'00000000011');
Insert into OB.OBHOTEL_USER (ID,ACCOUNT,PASSWORD,NICKNAME,BIRTHDAY,ZIPCODE,ADDRESS1,ADDRESS2,EMAIL,E_CONFIRM,TEL) values (71,'user70','1234','사용자70',to_date('99/05/01','RR/MM/DD'),'41920','주소x70','주소70','user70@gmail.com',0,'00000000011');
Insert into OB.OBHOTEL_USER (ID,ACCOUNT,PASSWORD,NICKNAME,BIRTHDAY,ZIPCODE,ADDRESS1,ADDRESS2,EMAIL,E_CONFIRM,TEL) values (72,'user71','1234','사용자71',to_date('99/06/01','RR/MM/DD'),'65376','주소x71','주소71','user71@gmail.com',0,'00000000011');
Insert into OB.OBHOTEL_USER (ID,ACCOUNT,PASSWORD,NICKNAME,BIRTHDAY,ZIPCODE,ADDRESS1,ADDRESS2,EMAIL,E_CONFIRM,TEL) values (73,'user72','1234','사용자72',to_date('99/07/01','RR/MM/DD'),'88832','주소x72','주소72','user72@gmail.com',0,'00000000011');
Insert into OB.OBHOTEL_USER (ID,ACCOUNT,PASSWORD,NICKNAME,BIRTHDAY,ZIPCODE,ADDRESS1,ADDRESS2,EMAIL,E_CONFIRM,TEL) values (74,'user73','1234','사용자73',to_date('99/08/01','RR/MM/DD'),'12288','주소x73','주소73','user73@gmail.com',0,'00000000011');
Insert into OB.OBHOTEL_USER (ID,ACCOUNT,PASSWORD,NICKNAME,BIRTHDAY,ZIPCODE,ADDRESS1,ADDRESS2,EMAIL,E_CONFIRM,TEL) values (75,'user74','1234','사용자74',to_date('99/09/01','RR/MM/DD'),'35744','주소x74','주소74','user74@gmail.com',0,'00000000011');
Insert into OB.OBHOTEL_USER (ID,ACCOUNT,PASSWORD,NICKNAME,BIRTHDAY,ZIPCODE,ADDRESS1,ADDRESS2,EMAIL,E_CONFIRM,TEL) values (76,'user75','1234','사용자75',to_date('99/10/01','RR/MM/DD'),'59200','주소x75','주소75','user75@gmail.com',0,'00000000011');
--------------------------------------------------------
--  DDL for Index OBHOTEL_ADMIN_PK
--------------------------------------------------------

  CREATE UNIQUE INDEX "OB"."OBHOTEL_ADMIN_PK" ON "OB"."OBHOTEL_ADMIN" ("ID") 
  PCTFREE 10 INITRANS 2 MAXTRANS 255 COMPUTE STATISTICS 
  STORAGE(INITIAL 65536 NEXT 1048576 MINEXTENTS 1 MAXEXTENTS 2147483645
  PCTINCREASE 0 FREELISTS 1 FREELIST GROUPS 1 BUFFER_POOL DEFAULT FLASH_CACHE DEFAULT CELL_FLASH_CACHE DEFAULT)
  TABLESPACE "USERS" ;
--------------------------------------------------------
--  DDL for Index OBHOTEL_USER_PK
--------------------------------------------------------

  CREATE UNIQUE INDEX "OB"."OBHOTEL_USER_PK" ON "OB"."OBHOTEL_USER" ("ID") 
  PCTFREE 10 INITRANS 2 MAXTRANS 255 COMPUTE STATISTICS 
  STORAGE(INITIAL 65536 NEXT 1048576 MINEXTENTS 1 MAXEXTENTS 2147483645
  PCTINCREASE 0 FREELISTS 1 FREELIST GROUPS 1 BUFFER_POOL DEFAULT FLASH_CACHE DEFAULT CELL_FLASH_CACHE DEFAULT)
  TABLESPACE "USERS" ;
--------------------------------------------------------
--  DDL for Index OBHOTEL_ROOM
--------------------------------------------------------

  CREATE UNIQUE INDEX "OB"."OBHOTEL_ROOM" ON "OB"."OBHOTEL_ROOM" ("ID") 
  PCTFREE 10 INITRANS 2 MAXTRANS 255 COMPUTE STATISTICS 
  STORAGE(INITIAL 65536 NEXT 1048576 MINEXTENTS 1 MAXEXTENTS 2147483645
  PCTINCREASE 0 FREELISTS 1 FREELIST GROUPS 1 BUFFER_POOL DEFAULT FLASH_CACHE DEFAULT CELL_FLASH_CACHE DEFAULT)
  TABLESPACE "USERS" ;
--------------------------------------------------------
--  DDL for Index OBHOTEL_BOARD_PK
--------------------------------------------------------

  CREATE UNIQUE INDEX "OB"."OBHOTEL_BOARD_PK" ON "OB"."OBHOTEL_BOARD" ("ID") 
  PCTFREE 10 INITRANS 2 MAXTRANS 255 COMPUTE STATISTICS 
  STORAGE(INITIAL 65536 NEXT 1048576 MINEXTENTS 1 MAXEXTENTS 2147483645
  PCTINCREASE 0 FREELISTS 1 FREELIST GROUPS 1 BUFFER_POOL DEFAULT FLASH_CACHE DEFAULT CELL_FLASH_CACHE DEFAULT)
  TABLESPACE "USERS" ;
--------------------------------------------------------
--  DDL for Index OBHOTEL_ROOM_TYPE
--------------------------------------------------------

  CREATE UNIQUE INDEX "OB"."OBHOTEL_ROOM_TYPE" ON "OB"."OBHOTEL_ROOM_TYPE" ("ID") 
  PCTFREE 10 INITRANS 2 MAXTRANS 255 COMPUTE STATISTICS 
  STORAGE(INITIAL 65536 NEXT 1048576 MINEXTENTS 1 MAXEXTENTS 2147483645
  PCTINCREASE 0 FREELISTS 1 FREELIST GROUPS 1 BUFFER_POOL DEFAULT FLASH_CACHE DEFAULT CELL_FLASH_CACHE DEFAULT)
  TABLESPACE "USERS" ;
--------------------------------------------------------
--  DDL for Index OBHOTEL_RESERVATION_PK
--------------------------------------------------------

  CREATE UNIQUE INDEX "OB"."OBHOTEL_RESERVATION_PK" ON "OB"."OBHOTEL_RESERVATION" ("ID") 
  PCTFREE 10 INITRANS 2 MAXTRANS 255 COMPUTE STATISTICS 
  STORAGE(INITIAL 65536 NEXT 1048576 MINEXTENTS 1 MAXEXTENTS 2147483645
  PCTINCREASE 0 FREELISTS 1 FREELIST GROUPS 1 BUFFER_POOL DEFAULT FLASH_CACHE DEFAULT CELL_FLASH_CACHE DEFAULT)
  TABLESPACE "USERS" ;
--------------------------------------------------------
--  DDL for Index OBHOTEL_ROOM_FILE_PK
--------------------------------------------------------

  CREATE UNIQUE INDEX "OB"."OBHOTEL_ROOM_FILE_PK" ON "OB"."OBHOTEL_ROOM_FILE" ("ID") 
  PCTFREE 10 INITRANS 2 MAXTRANS 255 COMPUTE STATISTICS 
  STORAGE(INITIAL 65536 NEXT 1048576 MINEXTENTS 1 MAXEXTENTS 2147483645
  PCTINCREASE 0 FREELISTS 1 FREELIST GROUPS 1 BUFFER_POOL DEFAULT FLASH_CACHE DEFAULT CELL_FLASH_CACHE DEFAULT)
  TABLESPACE "USERS" ;
--------------------------------------------------------
--  DDL for Index OBHOTEL_BOARD_FILE_PK
--------------------------------------------------------

  CREATE UNIQUE INDEX "OB"."OBHOTEL_BOARD_FILE_PK" ON "OB"."OBHOTEL_BOARD_FILE" ("ID") 
  PCTFREE 10 INITRANS 2 MAXTRANS 255 COMPUTE STATISTICS 
  STORAGE(INITIAL 65536 NEXT 1048576 MINEXTENTS 1 MAXEXTENTS 2147483645
  PCTINCREASE 0 FREELISTS 1 FREELIST GROUPS 1 BUFFER_POOL DEFAULT FLASH_CACHE DEFAULT CELL_FLASH_CACHE DEFAULT)
  TABLESPACE "USERS" ;
--------------------------------------------------------
--  DDL for Index OBHOTEL_ROOM_EVAL_PK
--------------------------------------------------------

  CREATE UNIQUE INDEX "OB"."OBHOTEL_ROOM_EVAL_PK" ON "OB"."OBHOTEL_ROOM_EVAL" ("ID") 
  PCTFREE 10 INITRANS 2 MAXTRANS 255 COMPUTE STATISTICS 
  STORAGE(INITIAL 65536 NEXT 1048576 MINEXTENTS 1 MAXEXTENTS 2147483645
  PCTINCREASE 0 FREELISTS 1 FREELIST GROUPS 1 BUFFER_POOL DEFAULT FLASH_CACHE DEFAULT CELL_FLASH_CACHE DEFAULT)
  TABLESPACE "USERS" ;
--------------------------------------------------------
--  DDL for Index OBHOTEL_BOARD_REPLY_PK
--------------------------------------------------------

  CREATE UNIQUE INDEX "OB"."OBHOTEL_BOARD_REPLY_PK" ON "OB"."OBHOTEL_BOARD_REPLY" ("ID") 
  PCTFREE 10 INITRANS 2 MAXTRANS 255 COMPUTE STATISTICS 
  STORAGE(INITIAL 65536 NEXT 1048576 MINEXTENTS 1 MAXEXTENTS 2147483645
  PCTINCREASE 0 FREELISTS 1 FREELIST GROUPS 1 BUFFER_POOL DEFAULT FLASH_CACHE DEFAULT CELL_FLASH_CACHE DEFAULT)
  TABLESPACE "USERS" ;
--------------------------------------------------------
--  Constraints for Table OBHOTEL_ADMIN
--------------------------------------------------------

  ALTER TABLE "OB"."OBHOTEL_ADMIN" ADD CONSTRAINT "OBHOTEL_ADMIN_PK" PRIMARY KEY ("ID")
  USING INDEX PCTFREE 10 INITRANS 2 MAXTRANS 255 COMPUTE STATISTICS 
  STORAGE(INITIAL 65536 NEXT 1048576 MINEXTENTS 1 MAXEXTENTS 2147483645
  PCTINCREASE 0 FREELISTS 1 FREELIST GROUPS 1 BUFFER_POOL DEFAULT FLASH_CACHE DEFAULT CELL_FLASH_CACHE DEFAULT)
  TABLESPACE "USERS"  ENABLE;
  ALTER TABLE "OB"."OBHOTEL_ADMIN" MODIFY ("LV" NOT NULL ENABLE);
  ALTER TABLE "OB"."OBHOTEL_ADMIN" MODIFY ("USER_ID" NOT NULL ENABLE);
  ALTER TABLE "OB"."OBHOTEL_ADMIN" MODIFY ("ID" NOT NULL ENABLE);
--------------------------------------------------------
--  Constraints for Table OBHOTEL_ROOM
--------------------------------------------------------

  ALTER TABLE "OB"."OBHOTEL_ROOM" ADD CONSTRAINT "OBHOTEL_ROOM" PRIMARY KEY ("ID")
  USING INDEX PCTFREE 10 INITRANS 2 MAXTRANS 255 COMPUTE STATISTICS 
  STORAGE(INITIAL 65536 NEXT 1048576 MINEXTENTS 1 MAXEXTENTS 2147483645
  PCTINCREASE 0 FREELISTS 1 FREELIST GROUPS 1 BUFFER_POOL DEFAULT FLASH_CACHE DEFAULT CELL_FLASH_CACHE DEFAULT)
  TABLESPACE "USERS"  ENABLE;
  ALTER TABLE "OB"."OBHOTEL_ROOM" MODIFY ("ROOM_ADDRESS2" NOT NULL ENABLE);
  ALTER TABLE "OB"."OBHOTEL_ROOM" MODIFY ("ROOM_ADDRESS1" NOT NULL ENABLE);
  ALTER TABLE "OB"."OBHOTEL_ROOM" MODIFY ("ROOM_CONTENT" NOT NULL ENABLE);
  ALTER TABLE "OB"."OBHOTEL_ROOM" MODIFY ("ROOM_NUM" NOT NULL ENABLE);
  ALTER TABLE "OB"."OBHOTEL_ROOM" MODIFY ("ROOM_NAME" NOT NULL ENABLE);
  ALTER TABLE "OB"."OBHOTEL_ROOM" MODIFY ("ROOM_TYPE_ID" NOT NULL ENABLE);
  ALTER TABLE "OB"."OBHOTEL_ROOM" MODIFY ("ID" NOT NULL ENABLE);
--------------------------------------------------------
--  Constraints for Table OBHOTEL_USER
--------------------------------------------------------

  ALTER TABLE "OB"."OBHOTEL_USER" ADD CONSTRAINT "OBHOTEL_USER_PK" PRIMARY KEY ("ID")
  USING INDEX PCTFREE 10 INITRANS 2 MAXTRANS 255 COMPUTE STATISTICS 
  STORAGE(INITIAL 65536 NEXT 1048576 MINEXTENTS 1 MAXEXTENTS 2147483645
  PCTINCREASE 0 FREELISTS 1 FREELIST GROUPS 1 BUFFER_POOL DEFAULT FLASH_CACHE DEFAULT CELL_FLASH_CACHE DEFAULT)
  TABLESPACE "USERS"  ENABLE;
  ALTER TABLE "OB"."OBHOTEL_USER" MODIFY ("TEL" NOT NULL ENABLE);
  ALTER TABLE "OB"."OBHOTEL_USER" MODIFY ("E_CONFIRM" NOT NULL ENABLE);
  ALTER TABLE "OB"."OBHOTEL_USER" MODIFY ("EMAIL" NOT NULL ENABLE);
  ALTER TABLE "OB"."OBHOTEL_USER" MODIFY ("ADDRESS2" NOT NULL ENABLE);
  ALTER TABLE "OB"."OBHOTEL_USER" MODIFY ("ADDRESS1" NOT NULL ENABLE);
  ALTER TABLE "OB"."OBHOTEL_USER" MODIFY ("ZIPCODE" NOT NULL ENABLE);
  ALTER TABLE "OB"."OBHOTEL_USER" MODIFY ("BIRTHDAY" NOT NULL ENABLE);
  ALTER TABLE "OB"."OBHOTEL_USER" MODIFY ("NICKNAME" NOT NULL ENABLE);
  ALTER TABLE "OB"."OBHOTEL_USER" MODIFY ("PASSWORD" NOT NULL ENABLE);
  ALTER TABLE "OB"."OBHOTEL_USER" MODIFY ("ACCOUNT" NOT NULL ENABLE);
  ALTER TABLE "OB"."OBHOTEL_USER" MODIFY ("ID" NOT NULL ENABLE);
--------------------------------------------------------
--  Constraints for Table OBHOTEL_BOARD_REPLY
--------------------------------------------------------

  ALTER TABLE "OB"."OBHOTEL_BOARD_REPLY" MODIFY ("WRITER" NOT NULL ENABLE);
  ALTER TABLE "OB"."OBHOTEL_BOARD_REPLY" ADD CONSTRAINT "OBHOTEL_BOARD_REPLY_PK" PRIMARY KEY ("ID")
  USING INDEX PCTFREE 10 INITRANS 2 MAXTRANS 255 COMPUTE STATISTICS 
  STORAGE(INITIAL 65536 NEXT 1048576 MINEXTENTS 1 MAXEXTENTS 2147483645
  PCTINCREASE 0 FREELISTS 1 FREELIST GROUPS 1 BUFFER_POOL DEFAULT FLASH_CACHE DEFAULT CELL_FLASH_CACHE DEFAULT)
  TABLESPACE "USERS"  ENABLE;
  ALTER TABLE "OB"."OBHOTEL_BOARD_REPLY" MODIFY ("WRITE_DATE" NOT NULL ENABLE);
  ALTER TABLE "OB"."OBHOTEL_BOARD_REPLY" MODIFY ("CONTENT" NOT NULL ENABLE);
  ALTER TABLE "OB"."OBHOTEL_BOARD_REPLY" MODIFY ("USER_ID" NOT NULL ENABLE);
  ALTER TABLE "OB"."OBHOTEL_BOARD_REPLY" MODIFY ("BOARD_ID" NOT NULL ENABLE);
  ALTER TABLE "OB"."OBHOTEL_BOARD_REPLY" MODIFY ("ID" NOT NULL ENABLE);
--------------------------------------------------------
--  Constraints for Table OBHOTEL_BOARD_FILE
--------------------------------------------------------

  ALTER TABLE "OB"."OBHOTEL_BOARD_FILE" ADD CONSTRAINT "OBHOTEL_BOARD_FILE_PK" PRIMARY KEY ("ID")
  USING INDEX PCTFREE 10 INITRANS 2 MAXTRANS 255 COMPUTE STATISTICS 
  STORAGE(INITIAL 65536 NEXT 1048576 MINEXTENTS 1 MAXEXTENTS 2147483645
  PCTINCREASE 0 FREELISTS 1 FREELIST GROUPS 1 BUFFER_POOL DEFAULT FLASH_CACHE DEFAULT CELL_FLASH_CACHE DEFAULT)
  TABLESPACE "USERS"  ENABLE;
  ALTER TABLE "OB"."OBHOTEL_BOARD_FILE" MODIFY ("FILESIZE" NOT NULL ENABLE);
  ALTER TABLE "OB"."OBHOTEL_BOARD_FILE" MODIFY ("SAVED_FILENAME" NOT NULL ENABLE);
  ALTER TABLE "OB"."OBHOTEL_BOARD_FILE" MODIFY ("FILENAME" NOT NULL ENABLE);
  ALTER TABLE "OB"."OBHOTEL_BOARD_FILE" MODIFY ("BOARD_ID" NOT NULL ENABLE);
  ALTER TABLE "OB"."OBHOTEL_BOARD_FILE" MODIFY ("ID" NOT NULL ENABLE);
--------------------------------------------------------
--  Constraints for Table OBHOTEL_ROOM_FILE
--------------------------------------------------------

  ALTER TABLE "OB"."OBHOTEL_ROOM_FILE" ADD CONSTRAINT "OBHOTEL_ROOM_FILE_PK" PRIMARY KEY ("ID")
  USING INDEX PCTFREE 10 INITRANS 2 MAXTRANS 255 COMPUTE STATISTICS 
  STORAGE(INITIAL 65536 NEXT 1048576 MINEXTENTS 1 MAXEXTENTS 2147483645
  PCTINCREASE 0 FREELISTS 1 FREELIST GROUPS 1 BUFFER_POOL DEFAULT FLASH_CACHE DEFAULT CELL_FLASH_CACHE DEFAULT)
  TABLESPACE "USERS"  ENABLE;
  ALTER TABLE "OB"."OBHOTEL_ROOM_FILE" MODIFY ("FILENAME" NOT NULL ENABLE);
  ALTER TABLE "OB"."OBHOTEL_ROOM_FILE" MODIFY ("ROOM_TYPE_ID" NOT NULL ENABLE);
  ALTER TABLE "OB"."OBHOTEL_ROOM_FILE" MODIFY ("ID" NOT NULL ENABLE);
--------------------------------------------------------
--  Constraints for Table OBHOTEL_ROOM_TYPE
--------------------------------------------------------

  ALTER TABLE "OB"."OBHOTEL_ROOM_TYPE" ADD CONSTRAINT "OBHOTEL_ROOM_TYPE" PRIMARY KEY ("ID")
  USING INDEX PCTFREE 10 INITRANS 2 MAXTRANS 255 COMPUTE STATISTICS 
  STORAGE(INITIAL 65536 NEXT 1048576 MINEXTENTS 1 MAXEXTENTS 2147483645
  PCTINCREASE 0 FREELISTS 1 FREELIST GROUPS 1 BUFFER_POOL DEFAULT FLASH_CACHE DEFAULT CELL_FLASH_CACHE DEFAULT)
  TABLESPACE "USERS"  ENABLE;
  ALTER TABLE "OB"."OBHOTEL_ROOM_TYPE" MODIFY ("COST" NOT NULL ENABLE);
  ALTER TABLE "OB"."OBHOTEL_ROOM_TYPE" MODIFY ("MAX_PAX" NOT NULL ENABLE);
  ALTER TABLE "OB"."OBHOTEL_ROOM_TYPE" MODIFY ("ID" NOT NULL ENABLE);
--------------------------------------------------------
--  Constraints for Table OBHOTEL_RESERVATION
--------------------------------------------------------

  ALTER TABLE "OB"."OBHOTEL_RESERVATION" ADD CONSTRAINT "OBHOTEL_RESERVATION_PK" PRIMARY KEY ("ID")
  USING INDEX PCTFREE 10 INITRANS 2 MAXTRANS 255 COMPUTE STATISTICS 
  STORAGE(INITIAL 65536 NEXT 1048576 MINEXTENTS 1 MAXEXTENTS 2147483645
  PCTINCREASE 0 FREELISTS 1 FREELIST GROUPS 1 BUFFER_POOL DEFAULT FLASH_CACHE DEFAULT CELL_FLASH_CACHE DEFAULT)
  TABLESPACE "USERS"  ENABLE;
  ALTER TABLE "OB"."OBHOTEL_RESERVATION" MODIFY ("REVIEW_ID" NOT NULL ENABLE);
  ALTER TABLE "OB"."OBHOTEL_RESERVATION" MODIFY ("PAX" NOT NULL ENABLE);
  ALTER TABLE "OB"."OBHOTEL_RESERVATION" MODIFY ("R_DATE" NOT NULL ENABLE);
  ALTER TABLE "OB"."OBHOTEL_RESERVATION" MODIFY ("E_DATE" NOT NULL ENABLE);
  ALTER TABLE "OB"."OBHOTEL_RESERVATION" MODIFY ("S_DATE" NOT NULL ENABLE);
  ALTER TABLE "OB"."OBHOTEL_RESERVATION" MODIFY ("ROOM_ID" NOT NULL ENABLE);
  ALTER TABLE "OB"."OBHOTEL_RESERVATION" MODIFY ("USER_ID" NOT NULL ENABLE);
  ALTER TABLE "OB"."OBHOTEL_RESERVATION" MODIFY ("ID" NOT NULL ENABLE);
  ALTER TABLE "OB"."OBHOTEL_RESERVATION" MODIFY ("TOTAL_COST" NOT NULL ENABLE);
--------------------------------------------------------
--  Constraints for Table OBHOTEL_ROOM_EVAL
--------------------------------------------------------

  ALTER TABLE "OB"."OBHOTEL_ROOM_EVAL" ADD CONSTRAINT "OBHOTEL_ROOM_EVAL_PK" PRIMARY KEY ("ID")
  USING INDEX PCTFREE 10 INITRANS 2 MAXTRANS 255 COMPUTE STATISTICS 
  STORAGE(INITIAL 65536 NEXT 1048576 MINEXTENTS 1 MAXEXTENTS 2147483645
  PCTINCREASE 0 FREELISTS 1 FREELIST GROUPS 1 BUFFER_POOL DEFAULT FLASH_CACHE DEFAULT CELL_FLASH_CACHE DEFAULT)
  TABLESPACE "USERS"  ENABLE;
  ALTER TABLE "OB"."OBHOTEL_ROOM_EVAL" MODIFY ("WRITE_DATE" NOT NULL ENABLE);
  ALTER TABLE "OB"."OBHOTEL_ROOM_EVAL" MODIFY ("CONTENT" NOT NULL ENABLE);
  ALTER TABLE "OB"."OBHOTEL_ROOM_EVAL" MODIFY ("RATE" NOT NULL ENABLE);
  ALTER TABLE "OB"."OBHOTEL_ROOM_EVAL" MODIFY ("USER_ID" NOT NULL ENABLE);
  ALTER TABLE "OB"."OBHOTEL_ROOM_EVAL" MODIFY ("ID" NOT NULL ENABLE);
--------------------------------------------------------
--  Constraints for Table OBHOTEL_BOARD
--------------------------------------------------------

  ALTER TABLE "OB"."OBHOTEL_BOARD" ADD CONSTRAINT "OBHOTEL_BOARD_PK" PRIMARY KEY ("ID")
  USING INDEX PCTFREE 10 INITRANS 2 MAXTRANS 255 COMPUTE STATISTICS 
  STORAGE(INITIAL 65536 NEXT 1048576 MINEXTENTS 1 MAXEXTENTS 2147483645
  PCTINCREASE 0 FREELISTS 1 FREELIST GROUPS 1 BUFFER_POOL DEFAULT FLASH_CACHE DEFAULT CELL_FLASH_CACHE DEFAULT)
  TABLESPACE "USERS"  ENABLE;
  ALTER TABLE "OB"."OBHOTEL_BOARD" MODIFY ("READ_COUNT" NOT NULL ENABLE);
  ALTER TABLE "OB"."OBHOTEL_BOARD" MODIFY ("WRITE_DATE" NOT NULL ENABLE);
  ALTER TABLE "OB"."OBHOTEL_BOARD" MODIFY ("CONTENT" NOT NULL ENABLE);
  ALTER TABLE "OB"."OBHOTEL_BOARD" MODIFY ("TITLE" NOT NULL ENABLE);
  ALTER TABLE "OB"."OBHOTEL_BOARD" MODIFY ("BOARD_TYPE" NOT NULL ENABLE);
  ALTER TABLE "OB"."OBHOTEL_BOARD" MODIFY ("USER_ID" NOT NULL ENABLE);
  ALTER TABLE "OB"."OBHOTEL_BOARD" MODIFY ("ID" NOT NULL ENABLE);
--------------------------------------------------------
--  Ref Constraints for Table OBHOTEL_ADMIN
--------------------------------------------------------

  ALTER TABLE "OB"."OBHOTEL_ADMIN" ADD CONSTRAINT "OBHOTEL_ADMIN_USER_ID_FK" FOREIGN KEY ("USER_ID")
	  REFERENCES "OB"."OBHOTEL_USER" ("ID") ENABLE;
--------------------------------------------------------
--  Ref Constraints for Table OBHOTEL_BOARD
--------------------------------------------------------

  ALTER TABLE "OB"."OBHOTEL_BOARD" ADD CONSTRAINT "OBHOTEL_BOARD_USER_ID_FK" FOREIGN KEY ("USER_ID")
	  REFERENCES "OB"."OBHOTEL_USER" ("ID") ENABLE;
--------------------------------------------------------
--  Ref Constraints for Table OBHOTEL_BOARD_FILE
--------------------------------------------------------

  ALTER TABLE "OB"."OBHOTEL_BOARD_FILE" ADD CONSTRAINT "OBHOTEL_BOARD_FILE_AID_FK" FOREIGN KEY ("BOARD_ID")
	  REFERENCES "OB"."OBHOTEL_BOARD" ("ID") ON DELETE CASCADE ENABLE;
--------------------------------------------------------
--  Ref Constraints for Table OBHOTEL_BOARD_REPLY
--------------------------------------------------------

  ALTER TABLE "OB"."OBHOTEL_BOARD_REPLY" ADD CONSTRAINT "OBHOTEL_BOARD_REPLY_BID_FK" FOREIGN KEY ("BOARD_ID")
	  REFERENCES "OB"."OBHOTEL_BOARD" ("ID") ON DELETE CASCADE ENABLE;
  ALTER TABLE "OB"."OBHOTEL_BOARD_REPLY" ADD CONSTRAINT "OBHOTEL_BOARD_REPLY_UID_FK" FOREIGN KEY ("USER_ID")
	  REFERENCES "OB"."OBHOTEL_USER" ("ID") ON DELETE CASCADE ENABLE;
--------------------------------------------------------
--  Ref Constraints for Table OBHOTEL_RESERVATION
--------------------------------------------------------

  ALTER TABLE "OB"."OBHOTEL_RESERVATION" ADD CONSTRAINT "OBHOTEL_RESERVATION_ROOM_ID_FK" FOREIGN KEY ("ROOM_ID")
	  REFERENCES "OB"."OBHOTEL_ROOM" ("ID") ON DELETE CASCADE ENABLE;
  ALTER TABLE "OB"."OBHOTEL_RESERVATION" ADD CONSTRAINT "OBHOTEL_RESERVATION_USER_ID_FK" FOREIGN KEY ("USER_ID")
	  REFERENCES "OB"."OBHOTEL_USER" ("ID") ON DELETE CASCADE ENABLE;
--------------------------------------------------------
--  Ref Constraints for Table OBHOTEL_ROOM
--------------------------------------------------------

  ALTER TABLE "OB"."OBHOTEL_ROOM" ADD CONSTRAINT "OBHOTEL_ROOM_RTYPE_ID_FK" FOREIGN KEY ("ROOM_TYPE_ID")
	  REFERENCES "OB"."OBHOTEL_ROOM_TYPE" ("ID") ON DELETE CASCADE ENABLE;
--------------------------------------------------------
--  Ref Constraints for Table OBHOTEL_ROOM_EVAL
--------------------------------------------------------

  ALTER TABLE "OB"."OBHOTEL_ROOM_EVAL" ADD CONSTRAINT "OBHOTEL_ROOM_EVAL_USER_ID_FK" FOREIGN KEY ("USER_ID")
	  REFERENCES "OB"."OBHOTEL_USER" ("ID") ON DELETE CASCADE ENABLE;
--------------------------------------------------------
--  Ref Constraints for Table OBHOTEL_ROOM_FILE
--------------------------------------------------------

  ALTER TABLE "OB"."OBHOTEL_ROOM_FILE" ADD CONSTRAINT "OBHOTEL_ROOM_FILE_RTYPE_ID_FK" FOREIGN KEY ("ROOM_TYPE_ID")
	  REFERENCES "OB"."OBHOTEL_ROOM_TYPE" ("ID") ON DELETE CASCADE ENABLE;
